Date,Adj Close,Close,High,Low,Open,Volume,Return,Log Return,20-day Volatility,RSI-14,MACD,MACD Signal,MACD Histogram,ATR-14,Volume Change,Volume MA-20
2022-02-01,17576.849609375,17576.849609375,17622.400390625,17244.55078125,17529.44921875,386400.0,0.0136679386118703,0.0135753748226512,0.0104728463716971,39.09210698407304,-117.23688505560494,-45.52013370120383,-71.71675135440111,292.97474888392856,0.2011190550202051,281070.0
2022-02-02,17780.0,17780.0,17794.599609375,17674.80078125,17706.19921875,271200.0,0.0115578385853996,0.011491556994747,0.0105478455511823,40.35688117116827,-88.39417506475729,-54.09494197391453,-34.29923309084276,296.22837611607144,-0.2981366459627329,282260.0
2022-02-03,17560.19921875,17560.19921875,17781.150390625,17511.150390625,17767.75,226600.0,-0.0123622486642295,-0.0124392969118211,0.0107663240865456,35.563488445035105,-82.32323468657341,-59.74060051644631,-22.582634170127108,307.76771763392856,-0.1644542772861357,281015.0
2022-02-04,17516.30078125,17516.30078125,17617.80078125,17462.55078125,17590.19921875,261400.0,-0.0024998826581151,-0.0025030125821506,0.0105638168279986,34.95800456109403,-80.13051305481713,-63.81858302412048,-16.31193003069665,306.90708705357144,0.1535745807590467,282260.0
2022-02-07,17213.599609375,17213.599609375,17536.75,17119.400390625,17456.30078125,265000.0,-0.0172811129276234,-0.0174321742274954,0.0111389704780187,29.793603288501075,-101.6465025464022,-71.38416692857683,-30.26233561782536,330.0891462053572,0.0137719969395562,283545.0
2022-02-08,17266.75,17266.75,17306.44921875,17043.650390625,17279.849609375,268500.0,0.0030876976246183,0.0030829404762161,0.0108202427461809,33.5119231536121,-113.10547736834268,-79.72842901653001,-33.377048351812675,329.92843191964283,0.0132075471698114,285350.0
2022-02-09,17463.80078125,17463.80078125,17477.150390625,17339.0,17370.099609375,236400.0,0.0114121523303458,0.0113475249468573,0.0111853490449579,40.833608079265645,-105.07520469472728,-84.79778415216947,-20.27742054255782,327.5071149553572,-0.1195530726256983,286160.0
2022-02-10,17605.849609375,17605.849609375,17639.44921875,17427.150390625,17554.099609375,273600.0,0.008133901085124,0.00810099920504,0.0111598904770313,47.03562883862106,-86.25471184138223,-85.08916969001203,-1.1655421513702038,321.58203125,0.1573604060913704,287590.0
2022-02-11,17374.75,17374.75,17454.75,17303.0,17451.0,253100.0,-0.0131262969128136,-0.0132132081342731,0.0113998639844135,45.410302513463,-88.96164825296364,-85.86366540260236,-3.0979828503612765,323.8462611607143,-0.0749269005847953,285060.0
2022-02-14,16842.80078125,16842.80078125,17099.5,16809.650390625,17076.150390625,305500.0,-0.0306162228952934,-0.0310946906967536,0.0130035296454654,44.33744597419761,-132.50335493436796,-95.19160330895548,-37.31175162541248,319.97474888392856,0.2070327933623073,288860.0
2022-02-15,17352.44921875,17352.44921875,17375.0,16839.25,16933.25,298700.0,0.0302591263839775,0.0298103496144214,0.0150410046983175,51.207299502951145,-124.45150213564555,-101.04358307429352,-23.40791906135206,324.5033482142857,-0.0222585924713584,290460.0
2022-02-16,17322.19921875,17322.19921875,17490.599609375,17257.69921875,17408.44921875,244500.0,-0.0017432697608654,-0.0017447910238332,0.0149204200298216,53.59666971223064,-119.13792513225415,-104.66245148588564,-14.475473646368528,311.76771763392856,-0.1814529628389688,291310.0
2022-02-17,17304.599609375,17304.599609375,17442.900390625,17235.849609375,17396.55078125,232100.0,-0.0010160147191904,-0.0010165312120177,0.0148159568661994,53.426334000611575,-115.02112651697826,-106.73418649210416,-8.286940024874085,305.38560267857144,-0.0507157464212678,289080.0
2022-02-18,17276.30078125,17276.30078125,17380.80078125,17219.19921875,17236.05078125,189600.0,-0.0016353356196504,-0.0016366742405402,0.0146830618306524,48.84357706702114,-112.74238880253688,-107.93582695419072,-4.806561848346149,294.92494419642856,-0.1831107281344248,285655.0
2022-02-21,17206.650390625,17206.650390625,17351.05078125,17070.69921875,17192.25,215200.0,-0.004031556958107,-0.0040397055923562,0.0146170314273027,42.82642198390447,-115.22839595586264,-109.39434075452512,-5.83405520133752,287.96079799107144,0.1350210970464134,282535.0
2022-02-22,17092.19921875,17092.19921875,17148.55078125,16843.80078125,16847.94921875,300100.0,-0.0066515660675804,-0.0066737863209561,0.0134182264536189,36.1975953556406,-124.99298625740994,-112.5140698551021,-12.478916402307846,298.32505580357144,0.3945167286245352,281350.0
2022-02-23,17063.25,17063.25,17220.69921875,17027.849609375,17194.5,200200.0,-0.0016937094155936,-0.001695145363,0.0133014062937581,39.200259426714496,-133.52822418588767,-116.7169007212592,-16.811323464628458,292.81431361607144,-0.3328890369876708,275035.0
2022-02-24,16247.9501953125,16247.9501953125,16705.25,16203.25,16548.900390625,458000.0,-0.0477810384708364,-0.0489602690308219,0.0169157047603003,29.357263899851205,-203.7318483022318,-134.11989023745372,-69.6119580647781,343.1535993303572,1.2877122877122875,278155.0
2022-02-25,16658.400390625,16658.400390625,16748.80078125,16478.30078125,16515.650390625,329800.0,0.0252616601096495,0.0249478581682029,0.0180165349700127,41.27016836117036,-223.67049152170875,-152.03001049430475,-71.64048102740401,349.1179547991072,-0.2799126637554585,276880.0
2022-02-28,16793.900390625,16793.900390625,16815.900390625,16356.2998046875,16481.599609375,404200.0,0.0081340342903666,0.0081011313355374,0.0178073456674549,42.75269866548523,-225.93386736008324,-166.81078186746046,-59.12308549262278,363.1752232142857,0.225591267434809,281005.0
2022-03-02,16605.94921875,16605.94921875,16678.5,16478.650390625,16593.099609375,517700.0,-0.0111916331229355,-0.0112547306669936,0.0175627689845315,36.81504865181606,-240.1256784672405,-181.47376118741647,-58.65191727982403,370.6644810267857,0.2808015833745669,287570.0
2022-03-03,16498.05078125,16498.05078125,16768.94921875,16442.94921875,16723.19921875,442100.0,-0.006497577228417,-0.0065187783706088,0.017253211605242,32.79279011434805,-257.1154265886071,-196.6020942676546,-60.513332320952486,378.7859933035714,-0.1460305196059493,296115.0
2022-03-04,16245.349609375,16245.349609375,16456.0,16133.7998046875,16339.4501953125,456100.0,-0.0153170320073322,-0.0154355495239856,0.0173446727857322,32.57419602142255,-287.6548905188647,-214.81265351789665,-72.84223700096805,383.1718052455357,0.0316670436552815,307590.0
2022-03-07,15863.150390625,15863.150390625,15944.599609375,15711.4501953125,15867.9501953125,585400.0,-0.0235266847399477,-0.0238078559614201,0.0178941298576668,34.15239928367143,-338.7925291050342,-239.60862863532415,-99.18390046971,380.9432198660714,0.2834904626178469,323790.0
2022-03-08,16013.4501953125,16013.4501953125,16028.75,15671.4501953125,15747.75,543600.0,0.0094747765094835,0.0094301723362427,0.0179113528288908,25.48966681027008,-363.0070190296137,-264.2883067141821,-98.71871231543162,368.19677734375,-0.0714041680901947,337720.0
2022-03-09,16345.349609375,16345.349609375,16418.05078125,15990.0,16078.0,462200.0,0.0207262900882942,0.0205144230156611,0.018668611547325,33.89710181510034,-351.3653468341436,-281.7037147381744,-69.66163209596914,382.13609095982144,-0.1497424576894775,347405.0
2022-03-10,16594.900390625,16594.900390625,16757.30078125,16447.900390625,16757.099609375,486400.0,0.0152673871904744,0.015152013456311,0.0188397155578271,39.13204337300678,-318.3330302640861,-289.0295778433568,-29.303452420729343,396.77183314732144,0.0523582864560796,359905.0
2022-03-11,16630.44921875,16630.44921875,16694.400390625,16470.900390625,16528.80078125,343700.0,0.0021421537513466,0.0021398626113986,0.018710949494781,40.13168457536305,-285.98947936573313,-288.42155814783206,2.4320787820989267,401.1931501116072,-0.2933799342105263,363410.0
2022-03-14,16871.30078125,16871.30078125,16887.94921875,16606.5,16633.69921875,314700.0,0.014482565042708,0.0143786943723374,0.0189168617889709,45.13075847173555,-238.17672106228565,-278.3725907307228,40.195869668437126,401.2715541294643,-0.0843759092231597,366490.0
2022-03-15,16663.0,16663.0,16927.75,16555.0,16900.650390625,381600.0,-0.0123464565033122,-0.0124233072084706,0.0178368555649749,43.93340912315884,-214.6189047013249,-265.62185352484323,51.002948823518295,401.9787248883928,0.2125834127740704,370295.0
2022-03-16,16975.349609375,16975.349609375,16987.900390625,16837.849609375,16876.650390625,260000.0,0.0187451004846066,0.018571576221107,0.016960019697631,48.8497124600639,-168.7993486313244,-246.2573525461395,77.4580039148151,411.4109235491072,-0.3186582809224318,368360.0
2022-03-17,17287.05078125,17287.05078125,17344.599609375,17175.75,17202.900390625,448300.0,0.0183619883565082,0.0181954426985114,0.0174984413431201,65.66230424677235,-106.11214599236337,-218.22831123538427,112.1161652430209,376.3573521205357,0.7242307692307692,378550.0
2022-03-21,17117.599609375,17117.599609375,17353.349609375,17096.400390625,17329.5,285500.0,-0.0098022024704637,-0.009850560325581,0.0176362392869347,57.46373370175288,-69.30645796619865,-188.4439405815472,119.13748261534852,358.9358258928572,-0.3631496765558777,381220.0
2022-03-22,17315.5,17315.5,17334.400390625,17006.30078125,17120.400390625,338300.0,0.0115612232521558,0.0114949029834435,0.0178331141464864,58.30942179823455,-23.89334977087128,-155.533822419412,131.6404726485407,349.5428989955357,0.184938704028021,388655.0
2022-03-23,17245.650390625,17245.650390625,17442.400390625,17199.599609375,17405.05078125,292100.0,-0.004033935455228,-0.0040420937201906,0.0178331443213811,60.58931895761841,6.386961027699726,-123.14966572998966,129.5366267576894,344.3679547991072,-0.1365651788353532,392500.0
2022-03-24,17222.75,17222.75,17291.75,17091.150390625,17094.94921875,290300.0,-0.0013278937068936,-0.0013287761390126,0.0177640572546072,62.34369365353319,28.211253586094244,-92.8774818667729,121.08873545286714,335.41078404017856,-0.0061622731941115,392010.0
2022-03-25,17153.0,17153.0,17294.900390625,17076.55078125,17289.0,237100.0,-0.0040498758909001,-0.0040580988470762,0.0177873918521709,66.48742963740335,39.4244599656231,-66.41709350029369,105.8415534659168,324.9892578125,-0.1832586978987255,393855.0
2022-03-28,17222.0,17222.0,17235.099609375,17003.900390625,17181.849609375,253200.0,0.0040226199498629,0.0040145508462854,0.0137026688934255,77.85265851527964,53.26472752832342,-42.480729294570274,95.74545682289369,303.36781529017856,0.0679038380430199,383615.0
2022-03-29,17325.30078125,17325.30078125,17343.650390625,17235.69921875,17297.19921875,235100.0,0.005998187274997,0.0059802697624021,0.0126958753192734,77.41756270279957,71.74175472099887,-19.636232491456447,91.37798721245532,286.5357142857143,-0.0714849921011058,378880.0
2022-03-30,17498.25,17498.25,17522.5,17387.19921875,17468.150390625,505000.0,0.0099824655821947,0.0099329698927592,0.0127491798810227,75.81038265750068,99.19700709735844,4.130415426306531,95.06659167105192,270.0463169642857,1.148022118247554,383920.0
2022-03-31,17464.75,17464.75,17559.80078125,17435.19921875,17519.19921875,281100.0,-0.0019144771620018,-0.0019163121157625,0.0124029123702041,71.55917648140887,116.90471756775514,26.685275854596256,90.21944171315889,249.52134486607144,-0.4433663366336633,372090.0
2022-04-01,17670.44921875,17670.44921875,17703.69921875,17422.69921875,17436.900390625,291800.0,0.0117779652585923,0.0117091448747648,0.0123707544077028,73.77138612252477,145.85508689564085,50.51923806280518,95.33584883283568,253.62848772321428,0.0380647456421201,364575.0
2022-04-04,18053.400390625,18053.400390625,18114.650390625,17791.400390625,17809.099609375,345500.0,0.0216718413399843,0.0214403456403388,0.0121710892430534,75.37126170712057,197.4236453859121,79.90011952742657,117.52352585848551,265.25362723214283,0.1840301576422207,359045.0
2022-04-05,17957.400390625,17957.400390625,18095.44921875,17921.55078125,18080.599609375,283500.0,-0.005317557796472,-0.0053317463281753,0.010456778669153,79.1886256792503,227.91840038101876,109.503775698145,118.41462468287372,251.04994419642856,-0.1794500723589001,343950.0
2022-04-06,17807.650390625,17807.650390625,17901.0,17779.849609375,17842.75,328800.0,-0.0083391803235717,-0.0083741458125089,0.0109180448696353,70.2535532049186,237.2670728087396,135.05643512026393,102.21063768847569,240.52497209821428,0.1597883597883598,333210.0
2022-04-07,17639.55078125,17639.55078125,17787.5,17623.69921875,17723.30078125,308800.0,-0.0094397411049521,-0.0094845778489411,0.0107691366214302,59.22242979956749,228.4779775491625,153.74074360604365,74.73723394311881,227.28934151785717,-0.0608272506082725,325540.0
2022-04-08,17784.349609375,17784.349609375,17842.75,17600.55078125,17698.150390625,274400.0,0.0082087593907955,0.0081752507766337,0.0104880250662967,67.67208980164868,230.53910028682367,169.10041494219968,61.43868534462399,226.2357700892857,-0.1113989637305699,314940.0
2022-04-11,17674.94921875,17674.94921875,17779.05078125,17650.94921875,17740.900390625,251700.0,-0.006151497975913,-0.0061704963921376,0.0107070101537953,59.996089294443536,220.7996171364248,179.4402553810447,41.35936175538009,212.32868303571428,-0.0827259475218659,310340.0
2022-04-12,17530.30078125,17530.30078125,17595.30078125,17442.349609375,17584.849609375,266000.0,-0.0081838106412522,-0.0082174818512636,0.0106386544303692,57.59980476551525,199.11382629623768,183.3749695640833,15.738856732154376,211.6000279017857,0.0568136670639649,307905.0
2022-04-13,17475.650390625,17475.650390625,17663.650390625,17457.400390625,17599.900390625,245100.0,-0.0031174816283502,-0.003122351097155,0.0101749939326726,56.63955500085632,175.494855573339,181.79894676593443,-6.304091192595422,212.0036272321429,-0.0785714285714286,301080.0
2022-04-18,17173.650390625,17173.650390625,17237.75,17067.849609375,17183.44921875,376100.0,-0.0172811880101475,-0.0174322506303487,0.0103230004082073,50.4832200655384,130.89885451610462,171.6189283159685,-40.72007379986388,225.5358537946429,0.5344757241942064,306885.0
2022-04-19,16958.650390625,16958.650390625,17275.650390625,16824.69921875,17258.94921875,401400.0,-0.0125191788064678,-0.0125982039716312,0.009829061402884,44.231741655950245,77.31624565911261,152.75839178459734,-75.44214612548473,241.232421875,0.0672693432597713,304540.0
2022-04-20,17136.55078125,17136.55078125,17186.900390625,16978.94921875,17045.25,286100.0,0.010490244596548,0.0104356037788649,0.0099101627262765,45.996559957977134,48.64595654000004,131.93590473567787,-83.28994819567782,248.8466796875,-0.2872446437468858,304570.0
2022-04-21,17392.599609375,17392.599609375,17414.69921875,17215.5,17234.599609375,285200.0,0.014941678252146,0.0148311509927678,0.0101420098401866,47.83542975680848,46.0546569775579,114.75965518405388,-68.70499820649599,254.62876674107144,-0.0031457532331352,301915.0
2022-04-22,17171.94921875,17171.94921875,17315.30078125,17149.19921875,17242.75,262700.0,-0.0126864526051679,-0.0127676127989613,0.0105130618875091,44.42835586807698,25.897856564217363,96.9872954600866,-71.08943889586922,263.11439732142856,-0.0788920056100981,300445.0
2022-04-25,16953.94921875,16953.94921875,17054.30078125,16888.69921875,17009.05078125,275700.0,-0.0126951225643019,-0.0127763942010033,0.0108802821681024,36.42940217278719,-7.579954090837418,76.07384554990179,-83.65379964073921,263.27511160714283,0.049486105824134,299715.0
2022-04-26,17200.80078125,17200.80078125,17223.849609375,17064.44921875,17121.30078125,261100.0,0.0145601216162072,0.0144551408404643,0.0113663475107554,32.97387953461342,-14.030764244049353,58.052923591111565,-72.08368783516092,250.82505580357144,-0.0529561117156329,300915.0
2022-04-27,17038.400390625,17038.400390625,17110.69921875,16958.44921875,17073.349609375,265100.0,-0.0094414436101153,-0.0094862965799431,0.0115256584548003,32.122008416784325,-31.87993994962744,40.06635088296376,-71.9462908325912,255.7145647321429,0.0153198008425889,301510.0
2022-04-28,17245.05078125,17245.05078125,17322.5,17071.05078125,17189.5,312900.0,0.0121285088909346,0.0120555478734457,0.0117853956020853,39.292381465717526,-29.0161012651115,26.249860453348717,-55.26596171846022,263.3251953125,0.1803093172387777,305400.0
2022-04-29,17102.55078125,17102.55078125,17377.650390625,17053.25,17329.25,336200.0,-0.0082632403816946,-0.0082975702003302,0.0116640111766074,39.67903132807996,-37.80920655484806,13.43804705170936,-51.24725360655742,273.35728236607144,0.0744646852029402,296960.0
2022-05-02,17069.099609375,17069.099609375,17092.25,16917.25,16924.44921875,278200.0,-0.0019559171203674,-0.001957832424116,0.011664171163649,35.63842887373545,-46.93598701341398,1.3632402386846945,-48.29922725209868,269.29310825892856,-0.1725163593099345,296815.0
2022-05-04,16677.599609375,16677.599609375,17132.849609375,16623.94921875,17096.599609375,310600.0,-0.0229361834519363,-0.0232033101901817,0.0122196405855853,32.01192340669567,-84.78248467168305,-15.865904743388851,-68.9165799282942,296.1145368303572,0.1164629762760602,297755.0
2022-05-05,16682.650390625,16682.650390625,16945.69921875,16651.849609375,16854.75,265800.0,0.0003028482136697,0.0003028023644061,0.0108198142594685,33.90122106743803,-113.06520559002456,-35.305764912716,-77.75944067730856,300.4895368303572,-0.1442369607211847,293770.0
2022-05-06,16411.25,16411.25,16484.19921875,16340.900390625,16415.55078125,300500.0,-0.0162684216398562,-0.016402205362178,0.0111676332866378,31.3224049708855,-155.58571376006512,-59.36175468218583,-96.2239590778793,310.16810825892856,0.1305492851768246,294620.0
2022-05-09,16301.849609375,16301.849609375,16403.69921875,16142.099609375,16227.7001953125,288400.0,-0.0066661826871809,-0.0066885009232451,0.0111430679894695,33.593058508370305,-195.8535423333451,-86.66011221241769,-109.19343012092742,300.26450892857144,-0.0402662229617304,292600.0
2022-05-10,16240.0498046875,16240.0498046875,16404.55078125,16197.2998046875,16248.900390625,283100.0,-0.0037909688880922,-0.0037981728230063,0.0110786377760288,35.648679969621924,-230.1003606227132,-115.3481618944768,-114.7521987282364,282.8573521205357,-0.018377253814147,291315.0
2022-05-11,16167.099609375,16167.099609375,16318.75,15992.599609375,16270.0498046875,284300.0,-0.0044919933245182,-0.0045021126418402,0.0106953706671458,29.791769636457943,-260.12907588150483,-144.30434469188242,-115.8247311896224,289.85023716517856,0.0042387848816671,291810.0
2022-05-12,15808.0,15808.0,16041.9501953125,15735.75,16021.099609375,314900.0,-0.0222117521417858,-0.0224621478725792,0.0113903119115005,18.32960800953724,-309.33753586766034,-177.310982927038,-132.02655294062234,300.79317801339283,0.1076327822722476,294970.0
2022-05-13,15782.150390625,15782.150390625,16083.599609375,15740.849609375,15977.0,369100.0,-0.0016352232651188,-0.0016365617019766,0.0114033481673751,19.87740605434604,-346.4280356261297,-211.13439346685635,-135.29364215927336,307.8895786830357,0.1721181327405525,300125.0
2022-05-16,15842.2998046875,15842.2998046875,15977.9501953125,15739.650390625,15845.099609375,217600.0,0.0038112305721171,0.003803986233609,0.0115731884390016,24.13630454174279,-366.74140228517535,-242.25579523052016,-124.4856070546552,304.67885044642856,-0.4104578704958006,298750.0
2022-05-17,16259.2998046875,16259.2998046875,16284.25,15900.7998046875,15912.599609375,295700.0,0.0263219359020472,0.0259814752129634,0.0131093020133968,29.702050181420987,-345.2120866786136,-262.84705352013884,-82.36503315847472,316.96812220982144,0.3589154411764705,294730.0
2022-05-18,16240.2998046875,16240.2998046875,16399.80078125,16211.2001953125,16318.150390625,290400.0,-0.0011685620062508,-0.0011692453072036,0.012903652249983,31.65962080249693,-325.92601790790286,-275.4628463976917,-50.46317151021117,313.12876674107144,-0.0179235711870138,289180.0
2022-05-19,15809.400390625,15809.400390625,15984.75,15775.2001953125,15917.400390625,313900.0,-0.0265327253341793,-0.0268910708974037,0.0136396617073645,20.09124969686513,-341.47533588560145,-288.66534429527366,-52.8099915903278,326.05733816964283,0.0809228650137741,290570.0
2022-05-20,16266.150390625,16266.150390625,16283.0498046875,16003.849609375,16043.7998046875,252400.0,0.0288910387942893,0.0284815608605715,0.014949435459044,34.59270990888824,-313.3304957155888,-293.5983745793367,-19.73212113625209,336.71798270089283,-0.1959222682382924,288930.0
2022-05-23,16214.7001953125,16214.7001953125,16414.69921875,16185.75,16290.9501953125,293800.0,-0.0031630222318707,-0.0031680351601504,0.0147833376600571,34.36483045168208,-291.8132661974487,-293.2413529029591,1.4280867055103954,339.8357282366072,0.1640253565768621,290485.0
2022-05-24,16125.150390625,16125.150390625,16262.7998046875,16078.599609375,16225.5498046875,249800.0,-0.0055227542667355,-0.0055380610571896,0.0146156945604563,38.63436732273118,-278.7731047985108,-290.34770328206946,11.574598483558702,316.6428571428572,-0.1497617426820966,289190.0
2022-05-25,16025.7998046875,16025.7998046875,16223.349609375,16006.9501953125,16196.349609375,243300.0,-0.0061612191843656,-0.0061802778185587,0.0140744572607895,36.991251492607454,-273.3049555174512,-286.9391537291458,13.634198211694638,311.11070033482144,-0.0260208166533226,288300.0
2022-05-26,16170.150390625,16170.150390625,16204.4501953125,15903.7001953125,16105.0,314300.0,0.0090073873189953,0.0089670627708302,0.0142635604480447,44.97206271572072,-254.39106013109267,-280.4295350095352,26.038474878442518,308.18212890625,0.2918207973695026,290760.0
2022-05-27,16352.4501953125,16352.4501953125,16370.599609375,16221.9501953125,16296.599609375,274100.0,0.0112738471989222,0.0112107710150345,0.0142185885796321,51.02409645698004,-222.13100314242365,-268.7698286361129,46.63882549368924,303.27490234375,-0.1279032771237671,288820.0
2022-05-30,16661.400390625,16661.400390625,16695.5,16506.150390625,16527.900390625,251400.0,0.0188932050929628,0.018716945110386,0.0149242427945296,57.75211445150391,-169.67902264896838,-248.951667438684,79.2726447897156,312.97481863839283,-0.0828164903319956,284580.0
2022-05-31,16584.55078125,16584.55078125,16690.75,16521.900390625,16578.44921875,651600.0,-0.0046124339835348,-0.00462310407988,0.0149431324939133,57.6693676696332,-132.78095523074262,-225.7175249970957,92.9365697663531,301.7390485491072,1.5918854415274462,303250.0
2022-06-01,16522.75,16522.75,16649.19921875,16438.849609375,16594.400390625,249600.0,-0.0037264067061659,-0.0037333670564133,0.0140735417170784,64.74167268227286,-107.28901652437526,-202.0318233025517,94.7428067781764,285.95333426339283,-0.6169429097605893,300200.0
2022-06-02,16628.0,16628.0,16646.400390625,16443.05078125,16481.650390625,236000.0,0.0063700049931154,0.0063498022602603,0.0141540245648899,66.89232675101746,-77.69802162309861,-177.16506296666105,99.46704134356244,275.9961635044643,-0.0544871794871795,298710.0
2022-06-03,16584.30078125,16584.30078125,16793.849609375,16567.900390625,16761.650390625,245500.0,-0.0026280502014673,-0.0026315095876877,0.0136521068737457,64.9163902841619,-57.11472373323341,-153.15499511997555,96.04027138674216,275.11397879464283,0.0402542372881356,295960.0
2022-06-06,16569.55078125,16569.55078125,16610.94921875,16444.55078125,16530.69921875,233600.0,-0.0008893953501298,-0.0008897910968418,0.0135507313357372,57.44024910666987,-41.513966426548,-130.82678938129004,89.31282295474205,255.43171037946428,-0.0484725050916496,293220.0
2022-06-07,16416.349609375,16416.349609375,16487.25,16347.099609375,16469.599609375,233800.0,-0.0092459460064759,-0.0092889550768917,0.0137041866294947,53.96660199233325,-41.039233342376974,-112.86927817350744,71.83004483113046,257.849609375,0.0008561643835616,290755.0
2022-06-08,16356.25,16356.25,16514.30078125,16293.349609375,16474.94921875,243500.0,-0.0036609606157923,-0.0036676783326505,0.0136890940462808,64.79290034616994,-44.9938787297906,-99.29419828476406,54.30031955497347,240.41043526785717,0.0414884516680924,288715.0
2022-06-09,16478.099609375,16478.099609375,16492.80078125,16243.849609375,16263.849609375,205000.0,0.0074497277416889,0.0074221155706157,0.0126466228643451,57.00218225367053,-37.85930010904849,-87.00721864962095,49.14791854057246,224.3605608258929,-0.1581108829568788,283220.0
2022-06-10,16201.7998046875,16201.7998046875,16324.7001953125,16172.599609375,16283.9501953125,189700.0,-0.0167676984141,-0.0169098677448552,0.0133199782731656,49.628936753519625,-53.87909557945022,-80.38159403558682,26.502498456136596,229.82847377232144,-0.0746341463414633,274250.0
2022-06-13,15774.400390625,15774.400390625,15886.150390625,15684.0,15877.5498046875,225500.0,-0.0263797491152091,-0.0267339375202159,0.0146739237333449,41.55287589993876,-99.91075075264598,-84.28742537899865,-15.623325373647331,253.65701729910717,0.1887190300474432,274645.0
2022-06-14,15732.099609375,15732.099609375,15858.0,15659.4501953125,15674.25,225400.0,-0.0026816094559853,-0.0026852114114221,0.013292087485188,42.72695482934223,-138.21127509628786,-95.0721953224565,-43.13907977383137,252.3820452008929,-0.0004434589800443,271130.0
2022-06-15,15692.150390625,15692.150390625,15783.650390625,15678.900390625,15729.25,183000.0,-0.002539344381356,-0.0025425739848417,0.0132934819023158,37.51762168911158,-169.8305834128587,-110.02387294053692,-59.80671047232176,238.3820452008929,-0.1881100266193434,265760.0
2022-06-16,15360.599609375,15360.599609375,15863.150390625,15335.099609375,15832.25,264700.0,-0.0211284478542902,-0.021354848179315,0.0128066884189548,25.9720319756232,-219.11664987555375,-131.84242832754032,-87.27422154801346,261.7821568080357,0.446448087431694,263300.0
2022-06-17,15293.5,15293.5,15400.400390625,15183.400390625,15272.650390625,342600.0,-0.0043682936266399,-0.004377862497838,0.0106493311521968,12.4636220877572,-260.5867089645526,-157.59128445494278,-102.99542450960982,252.77859933035717,0.2942954287873063,267810.0
2022-06-20,15350.150390625,15350.150390625,15382.5,15191.099609375,15334.5,260000.0,0.0037042135956451,0.0036973698916184,0.0107548011465917,15.74726336018938,-285.5887274150282,-183.19077304695983,-102.39795436806833,254.3893694196429,-0.2410974897840047,266120.0
2022-06-21,15638.7998046875,15638.7998046875,15707.25,15419.849609375,15455.9501953125,262800.0,0.018804337854487,0.0186297219218027,0.0117464176580971,28.214402444548316,-278.8964669320376,-202.33191182397545,-76.56455510806217,264.8715122767857,0.0107692307692308,266770.0
2022-06-22,15413.2998046875,15413.2998046875,15565.400390625,15385.9501953125,15545.650390625,220900.0,-0.0144192650853174,-0.0145242329496379,0.012061133415966,21.738000295377347,-288.4635395800433,-219.558237375189,-68.90530220485428,268.4072265625,-0.1594368340943683,265650.0
2022-06-23,15556.650390625,15556.650390625,15628.4501953125,15367.5,15451.5498046875,259200.0,0.0093004475196092,0.0092574646586046,0.012075222871937,27.149618390892456,-281.23640115733906,-231.89387013161905,-49.34253102572004,270.9072963169643,0.1733816206428249,262895.0
2022-06-24,15699.25,15699.25,15749.25,15619.4501953125,15657.400390625,219600.0,0.0091664725885294,0.0091247154617346,0.0119632360634894,31.68944285188303,-260.99367257223093,-237.71383061974143,-23.279841952489505,272.77880859375,-0.1527777777777778,260170.0
2022-06-27,15832.0498046875,15832.0498046875,15927.4501953125,15815.5,15926.2001953125,210900.0,0.008458990377725,0.0084234136068693,0.0112093729046035,37.60026858489335,-231.5659814541577,-236.4842607866247,4.918279332466966,273.189453125,-0.0396174863387978,258145.0
2022-06-28,15850.2001953125,15850.2001953125,15892.099609375,15710.150390625,15757.4501953125,251900.0,0.0011464333961117,0.0011457767431705,0.0112259278697623,39.06618125838453,-204.42327512713015,-230.0720636547258,25.648788527595627,270.4035993303572,0.1944049312470366,238160.0
2022-06-29,15799.099609375,15799.099609375,15861.599609375,15687.7998046875,15701.7001953125,444900.0,-0.0032239710103227,-0.0032291792019122,0.0112228980839946,34.8667227919392,-184.9044120667568,-221.03853333713204,36.13412127037526,265.03564453125,0.7661770543866613,247925.0
2022-06-30,15780.25,15780.25,15890.0,15728.849609375,15774.5,306000.0,-0.0011930812414028,-0.0011937935294284,0.0110457854484813,39.38669746898747,-169.00835529362303,-210.63249772843025,41.6241424348072,254.72495814732144,-0.3122049898853675,251425.0
2022-07-01,15752.0498046875,15752.0498046875,15793.9501953125,15511.0498046875,15703.7001953125,364100.0,-0.0017870563085186,-0.0017886549985601,0.0110470924499819,49.295712236272905,-156.87774684622673,-199.8815475519895,43.00380070576279,237.94642857142856,0.1898692810457516,257355.0
2022-07-04,15835.349609375,15835.349609375,15852.349609375,15661.7998046875,15710.5,304300.0,0.0052881882498054,0.0052742548822503,0.0111804281850457,53.17155582859776,-138.9409296334943,-187.6934239682905,48.75249433479618,237.375,-0.1642405932436144,260890.0
2022-07-05,15810.849609375,15810.849609375,16025.75,15785.4501953125,15909.150390625,254200.0,-0.0015471713984448,-0.0015483695040555,0.0110570619701991,53.68105071120706,-125.25891125162708,-175.20652142495783,49.94761017333076,247.05712890625,-0.1646401577390732,261910.0
2022-07-06,15989.7998046875,15989.7998046875,16011.349609375,15800.900390625,15818.2001953125,288400.0,0.0113181897073002,0.0112546182245321,0.0114268490762213,71.55237758181562,-98.83669994458978,-159.93255712888424,61.09585718429446,224.3713030133929,0.1345397324940991,264155.0
2022-07-07,16132.900390625,16132.900390625,16150.5,16045.9501953125,16113.75,264600.0,0.0089494920315105,0.0089096826671292,0.0114904457212684,77.32954841729207,-65.59376172389602,-141.0647980478866,75.47103632399057,220.34988839285717,-0.0825242718446601,267135.0
2022-07-08,16220.599609375,16220.599609375,16275.5,16157.900390625,16273.650390625,281100.0,0.0054360478665673,0.0054213258871873,0.0109460499153893,77.77881661879687,-31.80526832621399,-119.21289210355208,87.40762377733809,216.86411830357144,0.0623582766439909,271705.0
2022-07-11,16216.0,16216.0,16248.5498046875,16115.5,16136.150390625,255900.0,-0.0002835659276332,-0.0002836061400529,0.009004759453478,72.49941948328302,-5.337269194684268,-96.43776752177853,91.10049832709426,200.8605608258929,-0.0896478121664887,273225.0
2022-07-12,16058.2998046875,16058.2998046875,16158.75,16031.150390625,16126.2001953125,208600.0,-0.0097249750439381,-0.0097725714476848,0.009306295807112,76.54538614759119,2.880518181953448,-76.57411038103214,79.45462856298559,196.00341796875,-0.1848378272762798,272385.0
2022-07-13,15966.650390625,15966.650390625,16140.0,15950.150390625,16128.2001953125,233300.0,-0.0057072925015229,-0.0057236413300785,0.0093974375128484,67.62380826048849,1.9750647976143227,-60.86427534530285,62.83934014291717,190.9248046875,0.1184084372003835,274900.0
2022-07-14,15938.650390625,15938.650390625,16070.849609375,15858.2001953125,16018.849609375,228600.0,-0.0017536552323109,-0.0017551946856914,0.0078826175170938,61.41524317216228,-0.9904620966390212,-48.88951269557009,47.89905059893107,192.35693359375,-0.020145735105015,273095.0
2022-07-15,16049.2001953125,16049.2001953125,16066.9501953125,15927.2998046875,16010.7998046875,205800.0,0.0069359576863876,0.0069120145803651,0.0078161435356272,60.57877299516072,5.516194552126763,-38.00837124603072,43.52456579815748,186.0319475446429,-0.0997375328083989,266255.0
2022-07-18,16278.5,16278.5,16287.9501953125,16142.2001953125,16151.400390625,227700.0,0.0142873041582765,0.0141862024707188,0.0082520729134543,67.30505626977293,28.8428621630992,-24.638124564204738,53.480986727303936,190.08914620535717,0.1064139941690962,264640.0
2022-07-19,16340.5498046875,16340.5498046875,16359.5,16187.0498046875,16187.0498046875,222600.0,0.0038117642711243,0.0038045179061477,0.0073722759169486,71.68492761717475,51.73988972895495,-9.3625217055728,61.10241143452775,189.99274553571428,-0.0223978919631093,262630.0
2022-07-20,16520.849609375,16520.849609375,16588.0,16490.94921875,16562.80078125,284400.0,0.0110338885069691,0.0109734592658458,0.0064926440481401,76.26428931605224,83.47241836982175,9.204466309506111,74.26795206031564,196.15701729910717,0.2776280323450135,265805.0
2022-07-21,16605.25,16605.25,16626.94921875,16483.900390625,16523.55078125,243600.0,0.005108719746296,0.0050957145121648,0.0063617344969328,79.0976396886667,114.11562817113008,30.186698681830908,83.92892948929918,186.16761997767856,-0.1434599156118143,265025.0
2022-07-22,16719.44921875,16719.44921875,16752.25,16610.900390625,16661.25,190900.0,0.0068772959606149,0.0068537552301666,0.0062703027642703,79.52908359568565,145.93328716735596,53.33601637893592,92.59727078842003,183.05691964285717,-0.2163382594417077,263590.0
2022-07-25,16631.0,16631.0,16706.05078125,16564.25,16662.55078125,211400.0,-0.0052901993117577,-0.0053042419636502,0.0064122009324213,76.27091922598082,162.1428169402716,75.09737649120306,87.04544044906852,176.97830636160714,0.1073860660031429,263615.0
2022-07-26,16483.849609375,16483.849609375,16636.099609375,16463.30078125,16632.900390625,208200.0,-0.008847958067765,-0.0088873336833467,0.0068933308870842,66.15441994013463,161.25631688981775,92.329164570926,68.92715231889174,174.28899274553572,-0.0151371807000946,261430.0
2022-07-27,16641.80078125,16641.80078125,16653.44921875,16438.75,16475.349609375,185200.0,0.0095821774414373,0.0095365595600848,0.0069783180182954,66.47995577633654,171.3241802261873,108.12816770197828,63.19601252420904,178.14606584821428,-0.1104707012487992,248445.0
2022-07-28,16929.599609375,16929.599609375,16947.650390625,16746.25,16774.849609375,376300.0,0.0172937311236929,0.0171458965295262,0.007639090271514,70.32569671369284,200.21800610680657,126.54613538294392,73.67187072386264,189.80678013392856,1.0318574514038876,251960.0
2022-07-29,17158.25,17158.25,17172.80078125,17018.150390625,17079.5,436100.0,0.0135059538264792,0.0134155614131158,0.0078396112204465,73.937472958007,238.81384949781025,148.99967820591718,89.81417129189305,197.6747349330357,0.1589157587031624,255560.0
2022-08-01,17340.05078125,17340.05078125,17356.25,17154.80078125,17243.19921875,381500.0,0.0105955316684394,0.0105397924018547,0.0079631850988747,82.16844283730454,280.83385921158333,175.36651440705043,105.4673448045329,198.86042131696428,-0.1252006420545746,259420.0
2022-08-02,17345.44921875,17345.44921875,17390.150390625,17215.849609375,17310.150390625,333600.0,0.0003113276638058,0.0003112792114048,0.0078985146567735,86.1699958293668,310.9857779706763,202.4903671197756,108.49541085090068,197.74979073660717,-0.1255570117955439,263390.0
2022-08-03,17388.150390625,17388.150390625,17407.5,17225.849609375,17349.25,285400.0,0.0024618083588656,0.0024587830727669,0.0077532174734851,87.73365412579648,334.47143996317754,228.88658168845603,105.58485827472153,195.5355747767857,-0.1444844124700239,263240.0
2022-08-04,17382.0,17382.0,17490.69921875,17161.25,17463.099609375,325000.0,-0.0003537116074355,-0.0003537741781412,0.0077341657730531,86.68997269194807,348.56961760017293,252.8231888707994,95.74642872937352,209.09263392857144,0.1387526278906796,266260.0
2022-08-05,17397.5,17397.5,17474.400390625,17348.75,17423.650390625,355300.0,0.0008917270739845,0.0008913297215996,0.0077491962824261,84.91419656786272,356.8793622718913,273.6344235510178,83.2449387208735,201.0140904017857,0.0932307692307692,269970.0
2022-08-08,17525.099609375,17525.099609375,17548.80078125,17359.75,17401.5,257000.0,0.0073343646716481,0.0073075990121405,0.0077387460067849,85.50702746880567,369.5017309275463,292.8078850263235,76.6938459012228,202.19984654017856,-0.2766676048409794,270025.0
2022-08-10,17534.75,17534.75,17566.099609375,17442.80078125,17566.099609375,312700.0,0.0005506610997998,0.000550509541612,0.0071000770392309,83.85535348370679,375.95003689362784,309.43631539978435,66.51372149384349,193.33189174107144,0.2167315175097275,275230.0
2022-08-11,17659.0,17659.0,17719.30078125,17631.94921875,17711.650390625,311200.0,0.0070859293688247,0.0070609421403666,0.0067038053330092,84.2738656692145,386.6294784694073,324.87494801370894,61.75453045569839,196.2963169642857,-0.0047969299648225,279125.0
2022-08-12,17698.150390625,17698.150390625,17724.650390625,17597.849609375,17659.650390625,303900.0,0.0022170219505635,0.0022145679837284,0.0065480371949879,83.46670727325429,393.7136364664475,338.6426857042567,55.07095076219082,194.853515625,-0.0234575835475578,282890.0
2022-08-16,17825.25,17825.25,17839.099609375,17764.05078125,17797.19921875,0.0,0.0071815193435313,0.007155855032733,0.0065515553469869,89.78574663342165,404.9161377935706,351.8973761221195,53.01876167145116,193.8356584821429,-1.0,272600.0
2022-08-18,17956.5,17956.5,17968.44921875,17852.05078125,17898.650390625,263900.0,0.000682669936052,0.000682437022927,0.0062811552609023,99.5365191691786,425.4772634639121,377.2812093901199,48.1960540737922,184.52134486607144,0.0041856925418568,276420.0
2022-08-19,17758.44921875,17758.44921875,17992.19921875,17710.75,17966.55078125,295600.0,-0.011029475746944,-0.0110907513899549,0.0070133185747628,83.49558702580852,410.2401151291633,383.8729905379286,26.3671245912347,182.77845982142856,0.1201212580522925,276980.0
2022-08-22,17490.69921875,17490.69921875,17690.05078125,17467.349609375,17682.900390625,287600.0,-0.0150773300473388,-0.0151921485542088,0.0081512810558798,63.02341880237248,372.2681030135718,381.5520130330573,-9.28391001948546,186.19977678571428,-0.027063599458728,279180.0
2022-08-23,17577.5,17577.5,17625.55078125,17345.19921875,17357.349609375,285600.0,0.0049626821755044,0.004950408657946,0.0081099427134947,60.04989650360749,345.19985837299464,374.2815821010448,-29.08172372805012,191.8356584821429,-0.0069541029207231,283915.0
2022-08-24,17604.94921875,17604.94921875,17623.650390625,17499.25,17525.44921875,262000.0,0.0015616110795051,0.0015603930328352,0.0079040132482952,60.78193013948083,322.2483239437897,363.8749304695938,-41.62660652580405,188.27134486607144,-0.0826330532212885,286445.0
2022-08-25,17522.44921875,17522.44921875,17726.5,17487.44921875,17679.0,230200.0,-0.0046861822192667,-0.0046971967955087,0.007629019855652,55.40133130354318,294.01281037169247,349.9025064500135,-55.88969607832104,192.37137276785717,-0.1213740458015266,287545.0
2022-08-26,17558.900390625,17558.900390625,17685.849609375,17519.349609375,17619.30078125,266600.0,0.0020802555293466,0.0020780947938819,0.007475768416098,56.945430676054734,271.4481817069827,334.21164150140737,-62.76345979442465,180.7321428571429,0.1581233709817548,291615.0
2022-08-29,17312.900390625,17312.900390625,17380.150390625,17166.19921875,17188.650390625,244900.0,-0.0140099889245538,-0.0141090551859436,0.0075389371070551,47.18751663855157,231.05198338896665,313.57970987891923,-82.52772648995261,199.80719866071428,-0.0813953488372093,285045.0
2022-08-30,17759.30078125,17759.30078125,17777.650390625,17401.5,17414.94921875,324700.0,0.0257842637890255,0.0254574554274316,0.00896362896987,56.42420508424634,232.3797567977708,297.3397192626896,-64.95996246491876,219.5,0.3258472846059617,279475.0
2022-09-01,17542.80078125,17542.80078125,17695.599609375,17468.44921875,17485.69921875,308500.0,-0.0121907952721076,-0.0122657125065035,0.0092259086982385,50.19832907036496,213.5011774821869,280.57201090658907,-67.07083342440217,231.46805245535717,-0.0498922081921774,275825.0
2022-09-02,17539.44921875,17539.44921875,17643.849609375,17476.44921875,17598.400390625,256300.0,-0.0001910505934481,-0.0001910688459375,0.0092274820148089,46.86835529560557,196.00984479924227,263.6595776851197,-67.64973288587743,230.24302455357144,-0.1692058346839546,271960.0
2022-09-05,17665.80078125,17665.80078125,17683.150390625,17540.349609375,17546.44921875,230300.0,0.0072038500710118,0.0071780262893559,0.0093381912808513,49.18962080535928,190.1514057194472,248.95794329198523,-58.80653757253802,231.4501953125,-0.1014436207569254,269205.0
2022-09-06,17655.599609375,17655.599609375,17764.650390625,17587.650390625,17695.69921875,251200.0,-0.0005774531254664,-0.0005776199157346,0.009339822533333,45.48575633759044,182.5807242883311,235.6824994912544,-53.10177520292331,234.02525111607144,0.090751194094659,265515.0
2022-09-07,17624.400390625,17624.400390625,17650.75,17484.30078125,17519.400390625,354100.0,-0.0017671004916441,-0.0017686636555011,0.0093576910060116,41.07191728917495,172.0797601410086,222.9619516212053,-50.882191480196695,236.2109375,0.4096337579617835,265455.0
2022-09-08,17798.75,17798.75,17807.650390625,17691.94921875,17748.150390625,279800.0,0.0098925129655895,0.0098439023835124,0.0094701050440826,45.96207647497595,175.7997170681374,213.5295047105917,-37.72978764245431,240.9860491071429,-0.2098277322790172,266595.0
2022-09-09,17833.349609375,17833.349609375,17925.94921875,17786.0,17923.349609375,270300.0,0.0019439347917691,0.001942047795601,0.0094731630893842,52.09230154807073,179.47088045613782,206.71777985970093,-27.24689940356313,230.87890625,-0.0339528234453181,264475.0
2022-09-12,17936.349609375,17936.349609375,17980.55078125,17889.150390625,17890.849609375,228200.0,0.005775695663245,0.0057590802792838,0.0094324822606938,63.71101782402873,188.51842008541644,203.07790790484404,-14.559487819427602,220.60044642857144,-0.1557528671846096,260325.0
2022-09-13,18070.05078125,18070.05078125,18088.30078125,18015.44921875,18044.44921875,259900.0,0.0074542019299801,0.0074265566640349,0.0095452805042379,64.72890764076759,204.12421076977265,203.28716847782977,0.8370422919428506,211.42898995535717,0.1389132340052585,258125.0
2022-09-14,18003.75,18003.75,18091.55078125,17771.150390625,17771.150390625,365900.0,-0.0036690976717561,-0.0036758453208641,0.0094886344497628,61.65466492538676,208.73581680999632,204.3768981442631,4.358918665733228,225.42898995535717,0.4078491727587534,276420.0
2022-09-15,17877.400390625,17877.400390625,18096.150390625,17861.5,18046.349609375,289600.0,-0.0070179606679163,-0.0070427023794097,0.0095166689667575,60.11397596932444,199.89097160008896,203.47971283542827,-3.588741235339313,225.1146763392857,-0.2085269199234763,277760.0
2022-09-16,17530.849609375,17530.849609375,17820.05078125,17497.25,17796.80078125,468500.0,-0.0193848531485446,-0.0195752033704768,0.0104382269883395,49.32075678722973,163.0382132122686,195.3914129107964,-32.35319969852776,240.3754185267857,0.6177486187845305,287990.0
2022-09-19,17622.25,17622.25,17667.19921875,17429.69921875,17540.650390625,258300.0,0.0052136885924867,0.0052001443746094,0.010259223800888,58.09707264754088,139.5981833775113,184.23276700413936,-44.63458362662806,229.28962053571428,-0.4486659551760938,286125.0
2022-09-20,17816.25,17816.25,17919.30078125,17744.400390625,17770.400390625,263100.0,0.0110088098852303,0.0109486540312579,0.0099395564670489,51.71755680225065,135.11840862517784,174.40989532834706,-39.29148670316923,217.31110491071428,0.0185830429732869,284900.0
2022-09-21,17718.349609375,17718.349609375,17838.69921875,17663.599609375,17766.349609375,245500.0,-0.0054950054374517,-0.0055101585161579,0.0099933502253183,55.70239271969638,122.25908489614083,163.97973324190582,-41.72064834576497,209.04310825892856,-0.0668947168377043,282895.0
2022-09-22,17629.80078125,17629.80078125,17722.75,17532.44921875,17609.650390625,284100.0,-0.0049975776569025,-0.0050101073108318,0.0100622192062054,52.78098398499495,103.72712605691412,151.9292118049075,-48.20208574799338,210.67885044642856,0.1572301425661915,284000.0
2022-09-23,17327.349609375,17327.349609375,17642.150390625,17291.650390625,17593.849609375,390800.0,-0.0171556772324205,-0.0173045408909074,0.0107391434746541,40.60146461101897,63.89855056541637,134.3230795570093,-70.42452899159292,225.4501953125,0.3755719816965857,292030.0
2022-09-26,17016.30078125,17016.30078125,17196.400390625,16978.30078125,17156.30078125,492000.0,-0.0179513217622564,-0.0181144013493809,0.0113991771386048,34.78874299783348,7.152625636859739,108.8889887729794,-101.73636313611964,237.73939732142856,0.2589559877175025,303300.0
2022-09-27,17007.400390625,17007.400390625,17176.44921875,16942.349609375,17110.900390625,359900.0,-0.0005230508522044,-0.0005231876910193,0.0110129585343632,35.16186002818225,-38.09794642980705,79.49160173242211,-117.58954816222916,242.22516741071428,-0.2684959349593496,309050.0
2022-09-28,16858.599609375,16858.599609375,17037.599609375,16820.400390625,16870.55078125,323900.0,-0.0087491784653945,-0.0087876772469355,0.0091738598235437,27.10917341231232,-84.98665699281264,46.59594998737517,-131.5826069801878,244.6501116071429,-0.1000277854959711,309010.0
2022-09-29,16818.099609375,16818.099609375,17026.05078125,16788.599609375,16993.599609375,340000.0,-0.0024023347691036,-0.0024052250050792,0.0088896575800919,25.351466181100875,-123.9850865565022,12.479742678599692,-136.4648292351019,251.61453683035717,0.0497066995986414,310585.0
2022-09-30,17094.349609375,17094.349609375,17187.099609375,16747.69921875,16798.05078125,376100.0,0.016425755966269,0.0162923125267817,0.0098039533355614,31.14393287284892,-131.08943921687023,-16.23409370049429,-114.85534551637592,272.4859095982143,0.1061764705882353,316575.0
2022-10-03,16887.349609375,16887.349609375,17114.650390625,16855.55078125,17102.099609375,278400.0,-0.0121092644487904,-0.012183178897324,0.0098794810488624,24.356024064241325,-151.6744512531477,-43.32216521102497,-108.35228604212271,280.13936941964283,-0.2597713374102632,318980.0
2022-10-04,17274.30078125,17274.30078125,17287.30078125,17117.30078125,17147.44921875,226000.0,0.0229136709327191,0.0226550952685504,0.0113674309849173,36.11446961213402,-135.20592616045178,-61.69891740091034,-73.50700875954143,285.8215680803572,-0.1882183908045976,317720.0
2022-10-06,17331.80078125,17331.80078125,17428.80078125,17315.650390625,17379.25,265500.0,0.0033286441360573,0.0033231164632058,0.0114070716930348,39.33460344610357,-116.17553269853306,-72.59424046043489,-43.58129223809817,280.09654017857144,0.1747787610619469,313290.0
2022-10-07,17314.650390625,17314.650390625,17337.349609375,17216.94921875,17287.19921875,216300.0,-0.0009895331040011,-0.0009900230150986,0.0111275745361121,45.149008450911616,-101.30986490559371,-78.33736534946667,-22.972499556127048,261.54296875,-0.1853107344632768,310115.0
2022-10-10,17241.0,17241.0,17280.150390625,17064.69921875,17094.349609375,234000.0,-0.0042536458411471,-0.0042627183291925,0.0111182164595868,41.37697971646519,-94.38369064582002,-81.54663040873734,-12.837060237082682,262.43233816964283,0.0818307905686546,308300.0
2022-10-11,16983.55078125,16983.55078125,17261.80078125,16950.30078125,17256.05078125,282600.0,-0.0149323831999303,-0.0150449936685785,0.0113540934864896,31.69168799491557,-108.41886284234351,-86.92107689545858,-21.49778594688493,263.4644252232143,0.2076923076923076,311020.0
2022-10-12,17123.599609375,17123.599609375,17142.349609375,16960.05078125,17025.55078125,256000.0,0.0082461453396196,0.008212331644389,0.0113925546451617,37.16135995682677,-107.0075514895616,-90.9383718142792,-16.0691796752824,263.97865513392856,-0.0941259731068648,310825.0
2022-10-13,17014.349609375,17014.349609375,17112.349609375,16956.94921875,17087.349609375,266400.0,-0.0063800837728176,-0.0064005234917517,0.0114217252547242,36.832177341103645,-113.39746366057808,-95.43019018353898,-17.967273477039086,262.2893415178572,0.0406249999999999,305850.0
2022-10-14,17185.69921875,17185.69921875,17348.55078125,17169.75,17322.30078125,227000.0,0.0100708880038873,0.0100205145326987,0.0117217054146595,46.7892101523382,-103.4426116089744,-97.03267446862608,-6.409937140348333,261.12513950892856,-0.1478978978978978,302720.0
2022-10-17,17311.80078125,17311.80078125,17328.55078125,17098.55078125,17144.80078125,212200.0,0.0073375869608156,0.0073107978348221,0.0111326652172266,57.31109053621236,-84.40500901459745,-94.50714137782036,10.102132363222893,252.62165178571428,-0.0651982378854625,289905.0
2022-10-18,17486.94921875,17486.94921875,17527.80078125,17434.05078125,17438.75,239500.0,0.010117285874136,0.0100664487390829,0.0113191738045458,60.96286817268117,-54.55567283364872,-86.51684766898602,31.961174835337303,251.3288225446429,0.1286522148916116,288965.0
2022-10-19,17512.25,17512.25,17607.599609375,17472.849609375,17568.150390625,210500.0,0.0014468379208691,0.0014457922593648,0.0110130834125273,65.83723661707627,-28.529427773548377,-74.9193636898985,46.389935916350126,245.43959263392856,-0.1210855949895616,286335.0
2022-10-20,17563.94921875,17563.94921875,17584.150390625,17421.0,17423.099609375,249600.0,0.002952174549244,0.0029478254394111,0.0109855988106343,67.97358242267183,-3.689219147847325,-60.67333478148827,56.98411563364095,240.13239397321428,0.1857482185273158,286540.0
2022-10-21,17576.30078125,17576.30078125,17670.150390625,17520.75,17622.849609375,277700.0,0.0007032337856462,0.0007029866326317,0.0109333231289979,63.30657555432605,16.799834979388834,-45.17870082931285,61.978535808701686,219.41810825892856,0.1125801282051282,286220.0
2022-10-24,17730.75,17730.75,17777.55078125,17707.400390625,17736.349609375,45000.0,0.0087873563767617,0.008748972260095,0.0103247328536497,73.98203489721772,44.981797002383246,-27.146601262973636,72.12839826535688,215.28599330357144,-0.8379546272956427,268930.0
2022-10-25,17656.349609375,17656.349609375,17811.5,17637.0,17808.30078125,251400.0,-0.004196122026705,-0.0042049504521588,0.0093983017657575,63.21191449123637,60.61399481097396,-9.594482048184116,70.20847685915808,199.1823381696429,4.586666666666667,256900.0
2022-10-27,17736.94921875,17736.94921875,17783.900390625,17654.5,17771.400390625,324600.0,0.0045649078749665,0.0045545202832827,0.0093984166031667,63.79041672539097,78.60028392954337,8.044471147361381,70.55581278218199,197.38950892857144,0.2911694510739857,255135.0
2022-10-28,17786.80078125,17786.80078125,17838.900390625,17723.69921875,17756.400390625,250000.0,0.0028106052447454,0.0028066628790527,0.0090419310023427,65.72104910612671,95.77313897765998,25.5902047134211,70.18293426423888,197.01813616071428,-0.2298213185459026,251440.0
2022-10-31,18012.19921875,18012.19921875,18022.80078125,17899.900390625,17910.19921875,227200.0,0.0126722303955641,0.0125926096268805,0.009218851850968,73.32163867035226,126.1167253945314,45.69550884964316,80.42121654488822,196.02162388392856,-0.0911999999999999,245800.0
2022-11-01,18145.400390625,18145.400390625,18175.80078125,18060.150390625,18130.69921875,349900.0,0.0073950532223929,0.0073678438770083,0.0087609754594086,87.99003735990037,159.07869740467504,68.37214656064954,90.7065508440255,185.4574497767857,0.5400528169014085,244490.0
2022-11-02,18082.849609375,18082.849609375,18178.75,18048.650390625,18177.900390625,270900.0,-0.0034471976315451,-0.0034531529072475,0.0081674689253416,83.03993563369329,178.1009356900613,90.3179043865319,87.78303130352941,181.7289341517857,-0.225778793941126,244115.0
2022-11-03,18052.69921875,18052.69921875,18106.30078125,17959.19921875,17968.349609375,213000.0,-0.0016673473084335,-0.001668738878993,0.0068246758543333,87.82549053926947,188.5695990753084,109.9682433242872,78.60135575102117,180.33258928571428,-0.2137320044296788,243465.0
2022-11-04,18117.150390625,18117.150390625,18135.099609375,18017.150390625,18053.400390625,267900.0,0.0035701681556883,0.0035638102334325,0.0068269386322217,86.79721920017283,199.7640060472222,127.9273958688742,71.83661017834801,164.88602120535714,0.2577464788732395,243585.0
2022-11-07,18202.80078125,18202.80078125,18255.5,18064.75,18211.75,314800.0,0.0047275862251119,0.0047164462855731,0.0068042324039126,86.36131763865686,213.09054972411104,144.96002663992158,68.13052308418946,162.08244977678572,0.1750653228816723,248510.0
2022-11-09,18157.0,18157.0,18296.400390625,18117.5,18288.25,307200.0,-0.0025161392359563,-0.0025193100341803,0.0067237274279286,80.5720416769148,217.44956806385017,159.4579349247073,57.99163313914286,159.43247767857142,-0.0241423125794154,252170.0
2022-11-10,18028.19921875,18028.19921875,18103.099609375,17969.400390625,18044.349609375,256500.0,-0.0070937259046097,-0.0071190060025469,0.0058140815642562,71.50943703486573,208.1119894204676,169.18874582385936,38.923243596608216,163.20744977678572,-0.1650390625,250865.0
2022-11-11,18349.69921875,18349.69921875,18362.30078125,18259.349609375,18272.349609375,378500.0,0.0178331732470333,0.0176760277314828,0.0066097038791646,76.74153957416034,224.0712997207156,180.1652566032306,43.90604311748501,175.41824776785714,0.4756335282651072,256990.0
2022-11-14,18329.150390625,18329.150390625,18399.44921875,18311.400390625,18376.400390625,301400.0,-0.0011198455015547,-0.0011204729970374,0.00629361750621,75.4796702824545,232.38229102039256,190.608663486663,41.77362753372958,171.03599330357142,-0.2036988110964332,258740.0
2022-11-15,18403.400390625,18403.400390625,18427.94921875,18282.0,18362.75,250900.0,0.0040509242609507,0.0040427413587009,0.0061167451819535,74.07215839114943,242.1685971267434,200.92065021467909,41.24794691206432,167.0859375,-0.1675514266755142,259935.0
2022-11-16,18409.650390625,18409.650390625,18442.150390625,18344.150390625,18398.25,219300.0,0.0003396111515991,0.0003395534967851,0.006082501220714,78.34080387978544,247.57475037671247,210.25147024708576,37.32328012962671,161.62165178571428,-0.1259465922678357,260290.0
2022-11-17,18343.900390625,18343.900390625,18417.599609375,18312.94921875,18358.69921875,200500.0,-0.0035714963948192,-0.0035778894143715,0.0060207634569736,73.09284280081505,243.74396160815013,216.94996851929864,26.793993088851494,159.85379464285714,-0.0857273141814866,258340.0
2022-11-18,18307.650390625,18307.650390625,18394.599609375,18209.80078125,18382.94921875,198800.0,-0.0019761337135545,-0.0019780888419361,0.0060978049675632,70.02416340408149,235.07318452043543,220.574611719526,14.498572800909445,164.82505580357142,-0.0084788029925186,257755.0
2022-11-21,18159.94921875,18159.94921875,18262.30078125,18133.349609375,18246.400390625,213800.0,-0.0080677295405768,-0.0081004497747084,0.0065138412174341,56.04118817700631,213.8185142933653,219.2233922342939,-5.4048779409286,160.41796875,0.0754527162977867,255965.0
2022-11-22,18244.19921875,18244.19921875,18261.849609375,18137.69921875,18179.150390625,177700.0,0.0046393301536886,0.0046286016308605,0.0065418610261844,54.20812958892851,201.45011437992437,215.66873666342,-14.218622283495648,157.60002790178572,-0.1688493919550981,250965.0
2022-11-23,18267.25,18267.25,18325.400390625,18246.0,18325.19921875,178800.0,0.0012634580983039,0.0012626606067816,0.0063372864751009,58.12763100126546,191.30285352888316,210.79556003651263,-19.49270650762952,154.10728236607142,0.0061902082160945,257655.0
2022-11-24,18484.099609375,18484.099609375,18529.69921875,18294.25,18326.099609375,204000.0,0.0118709498898301,0.0118010428622143,0.0065891718927847,66.32727434007731,198.4711752221774,208.3306830736456,-9.859507851468209,162.34640066964286,0.1409395973154361,255285.0
2022-11-25,18512.75,18512.75,18534.900390625,18445.099609375,18528.44921875,205900.0,0.0015500019600884,0.0015488019469054,0.0065694214864907,65.38935531664325,204.11110314886537,207.4867670886896,-3.3756639398242214,160.33579799107142,0.009313725490196,249350.0
2022-11-28,18562.75,18562.75,18614.25,18365.599609375,18430.55078125,206500.0,0.0027008413120686,0.0026972005940332,0.0065688979735708,64.40197429910194,210.19240163104405,208.0278939971605,2.164507633883545,164.47154017857142,0.0029140359397765,247175.0
2022-11-29,18618.05078125,18618.05078125,18678.099609375,18552.150390625,18552.44921875,195300.0,0.0029791265437502,0.0029746977400658,0.0060926154258723,68.30798249070091,216.97305505290933,209.8169262083103,7.156128844599039,160.68931361607142,-0.0542372881355932,245580.0
2022-11-30,18758.349609375,18758.349609375,18816.05078125,18616.55078125,18625.69921875,345600.0,0.0075356346254191,0.0075073835684748,0.0060996414337127,78.73136450482882,231.00483470618929,214.0545079078861,16.950326798303195,161.53934151785714,0.7695852534562213,245365.0
2022-12-01,18812.5,18812.5,18887.599609375,18778.19921875,18871.94921875,325000.0,0.0028867353340049,0.0028825767148602,0.0059827306389379,73.06391014035702,243.68554981538543,219.980716289386,23.70483352599948,146.90708705357142,-0.0596064814814815,248070.0
2022-12-02,18696.099609375,18696.099609375,18781.94921875,18639.19921875,18752.400390625,254400.0,-0.006187396179402,-0.0062066174425393,0.0062095063170679,66.6923730289321,241.55803847141945,224.29618072579268,17.26185774562674,152.99651227678572,-0.2172307692307692,250140.0
2022-12-05,18701.05078125,18701.05078125,18728.599609375,18591.349609375,18719.55078125,288400.0,0.0002648237856262,0.000264788725997,0.0062030767957558,64.45110329328541,237.53335197291017,226.9436149752162,10.58973699769396,152.37513950892858,0.1336477987421382,251165.0
2022-12-06,18642.75,18642.75,18654.900390625,18577.900390625,18600.650390625,217800.0,-0.0031175136590962,-0.0031223832280691,0.0062431731862565,60.77265383122569,227.02240020658064,226.95937202148912,0.0630281850915253,154.17159598214286,-0.2447988904299584,246315.0
2022-12-07,18560.5,18560.5,18668.30078125,18528.400390625,18638.849609375,200500.0,-0.0044119027503989,-0.0044216639141222,0.0063167332103584,59.85973971474956,209.63892061522347,223.495281740236,-13.856361125012512,156.689453125,-0.0794306703397612,240980.0
2022-12-08,18609.349609375,18609.349609375,18625.0,18536.94921875,18570.849609375,202800.0,0.0026319123609277,0.0026284549446723,0.0060185796253944,63.57777488687385,197.52717273036612,218.30165993826205,-20.774487207895906,149.77887834821428,0.0114713216957607,238295.0
2022-12-09,18496.599609375,18496.599609375,18664.69921875,18410.099609375,18662.400390625,215800.0,-0.0060587824059793,-0.0060772113035933,0.0048939719169452,65.6428388623786,176.79258766125713,209.99984548286108,-33.207257821603946,155.51450892857142,0.0641025641025641,230160.0
2022-12-12,18497.150390625,18497.150390625,18521.55078125,18345.69921875,18402.150390625,193900.0,2.977743269738653e-05,2.977698935843848e-05,0.004881792318475,62.74501313756557,158.57674900128404,199.7152261865457,-41.13847718526162,159.20744977678572,-0.1014828544949026,224785.0
2022-12-13,18608.0,18608.0,18617.25,18490.19921875,18524.400390625,187600.0,0.0059927938646799,0.0059749084955102,0.0049752281446093,65.77323800534502,151.3406419785024,190.040309344937,-38.69966736643463,162.482421875,-0.0324909747292418,221620.0
2022-12-14,18660.30078125,18660.30078125,18696.099609375,18632.900390625,18671.25,208000.0,0.0028106610731943,0.0028067185510282,0.0049999650953951,59.62213277188672,148.11878977286324,181.65600543052227,-33.53721565765903,150.02887834821428,0.1087420042643922,221055.0
2022-12-15,18414.900390625,18414.900390625,18652.900390625,18387.69921875,18614.400390625,183100.0,-0.0131509343553336,-0.013238173588299,0.0058209366164828,45.67937008960527,124.33048363855414,170.19090107212867,-45.860417433574526,163.08607700892858,-0.1197115384615384,220185.0
2022-12-16,18269.0,18269.0,18440.94921875,18255.150390625,18319.099609375,277700.0,-0.0079229530179417,-0.007954506384605,0.0060843705661894,38.04196760518139,92.63727264428236,154.68017538655943,-62.04290274227708,158.5966796875,0.5166575641725832,224130.0
2022-12-19,18420.44921875,18420.44921875,18431.650390625,18244.55078125,18288.099609375,154800.0,0.0082899566889265,0.0082557837296452,0.0060546155721143,42.53997233421914,78.83213307447659,139.51056692414286,-60.67843384966628,162.96456473214286,-0.4425639178970112,221180.0
2022-12-20,18385.30078125,18385.30078125,18404.900390625,18202.650390625,18340.30078125,169000.0,-0.0019081205394395,-0.0019099433205291,0.0060089411843315,34.70173342069052,64.31390468702739,124.47123447671976,-60.15732978969238,164.27162388392858,0.0917312661498708,220745.0
2022-12-21,18199.099609375,18199.099609375,18473.349609375,18162.75,18435.150390625,187600.0,-0.0101277196435586,-0.0101793539169421,0.0064469306448335,27.30336900011129,37.35264759928759,107.04751710123334,-69.69486950194575,177.22516741071428,0.1100591715976331,221185.0
2022-12-22,18127.349609375,18127.349609375,18318.75,18068.599609375,18288.80078125,195700.0,-0.0039425027358517,-0.0039502948868902,0.0058333477173468,28.236368582643507,10.079837657620374,87.65398121251074,-77.57414355489037,182.71442522321428,0.0431769722814499,220770.0
2022-12-23,17806.80078125,17806.80078125,18050.44921875,17779.5,17977.650390625,221500.0,-0.0176831602541178,-0.0178413752680846,0.0068881465325757,22.43797195253505,-36.97346511186333,62.72849194763593,-99.70195705949926,197.7572544642857,0.1318344404701072,221550.0
2022-12-26,18014.599609375,18014.599609375,18084.099609375,17774.25,17830.400390625,176700.0,0.0116696328935068,0.0116020678589944,0.0074719776939574,32.27314567291528,-56.8406936408137,38.81465482994601,-95.6553484707597,211.09291294642856,-0.2022573363431151,220060.0
2022-12-27,18132.30078125,18132.30078125,18149.25,17967.44921875,18089.80078125,214300.0,0.0065336546149905,0.0065124028114138,0.007624122637124,38.1529602739045,-62.369161613460165,18.577891541264776,-80.94705315472494,214.08579799107144,0.2127900396151669,221010.0
2022-12-28,18122.5,18122.5,18173.099609375,18068.349609375,18084.75,193900.0,-0.0005405150382313,-0.0005406611691443,0.0073404916832842,36.23279976758905,-66.77165141694786,1.5079829496222494,-68.27963436657011,215.27859933035717,-0.0951936537564162,213425.0
2022-12-29,18191.0,18191.0,18229.69921875,17992.80078125,18045.69921875,281100.0,0.0037798317009243,0.0037727060871833,0.0073724910392867,41.13639015812843,-63.99557760011157,-11.592729160324517,-52.40284843978706,214.01422991071428,0.4497163486333162,211230.0
2022-12-30,18105.30078125,18105.30078125,18265.25,18080.30078125,18259.099609375,192000.0,-0.0047110779368918,-0.0047222100411233,0.0073319749271113,39.16973374949932,-67.92770157438281,-22.859723643136174,-45.06797793124663,214.6640625,-0.3169690501600853,208110.0
2023-01-02,18197.44921875,18197.44921875,18215.150390625,18086.5,18131.69921875,256100.0,0.0050895833553579,0.0050766752055361,0.0074738205533494,38.5343279609189,-62.88344811748175,-30.86446853800529,-32.01897957947645,214.7783203125,0.3338541666666665,206495.0
2023-01-03,18232.55078125,18232.55078125,18251.94921875,18149.80078125,18163.19921875,208700.0,0.0019289276248581,0.0019270696328715,0.0074957122091671,37.93812207276076,-55.41465255303774,-35.77450534101178,-19.64014721202596,215.78180803571428,-0.1850839515814135,206040.0
2023-01-04,18042.94921875,18042.94921875,18243.0,18020.599609375,18230.650390625,235200.0,-0.0103990694870288,-0.0104535176122929,0.0077507862695017,39.17077891873265,-64.05643705323018,-41.43089168345546,-22.62554536977472,212.1960100446429,0.1269765213224725,207775.0
2023-01-05,17992.150390625,17992.150390625,18120.30078125,17892.599609375,18101.94921875,269900.0,-0.0028154392892826,-0.002819410093268,0.0076977523651745,41.46709993245773,-74.14940621801725,-47.97459459036782,-26.174811627649422,215.18903459821428,0.1475340136054421,211130.0
2023-01-06,17859.44921875,17859.44921875,18047.400390625,17795.55078125,18008.05078125,238200.0,-0.0073755037054461,-0.0074028372147649,0.0077428810935765,32.50701590271281,-91.79784413238669,-56.7392444987716,-35.058599633615074,219.81403459821428,-0.1174509077436087,212250.0
2023-01-09,18101.19921875,18101.19921875,18141.400390625,17936.150390625,17952.55078125,257200.0,0.0135362517084902,0.0134454550995231,0.008459602672377,42.1523308861295,-85.29393829171022,-62.45018325735933,-22.84375503435089,224.39634486607144,0.0797649034424852,215415.0
2023-01-10,17914.150390625,17914.150390625,18127.599609375,17856.0,18121.30078125,283300.0,-0.0103335047509585,-0.0103872660939372,0.0085319104776903,42.13260052242975,-94.1475489132099,-68.78965638852945,-25.35789252468045,221.61063058035717,0.1014774494556765,220200.0
2023-01-11,17895.69921875,17895.69921875,17976.349609375,17824.349609375,17924.25,259900.0,-0.0010299775022909,-0.0010305082936186,0.0084641196757469,43.41022560969512,-101.48312024585904,-75.32834915999537,-26.154771085863658,214.59988839285717,-0.0825979527003176,222795.0
2023-01-12,17858.19921875,17858.19921875,17945.80078125,17761.650390625,17920.849609375,227800.0,-0.0020954755408891,-0.0020976741216788,0.008052360916062,51.7427906902818,-109.0653129395796,-82.07574191591222,-26.98957102366738,202.90708705357144,-0.1235090419392074,225030.0
2023-01-13,17956.599609375,17956.599609375,17999.349609375,17774.25,17867.5,256700.0,0.0055100959183882,0.0054949708747303,0.0080489012018253,47.8757739805203,-105.9132639410418,-86.84324632093814,-19.07001762010367,196.853515625,0.126865671641791,223980.0
2023-01-16,17894.849609375,17894.849609375,18049.650390625,17853.650390625,18033.150390625,206200.0,-0.0034388470725693,-0.0034447734977776,0.0077718700854625,40.93179997523634,-107.16264704542482,-90.90712646583547,-16.255520579589344,197.86774553571428,-0.1967276977015971,226550.0
2023-01-17,18053.30078125,18053.30078125,18072.05078125,17886.94921875,17922.80078125,219100.0,0.0088545685118242,0.0088155967034695,0.0081017327473466,47.62675397818463,-94.28030218224376,-91.58176160911714,-2.698540573126621,203.6071428571429,0.062560620756547,229055.0
2023-01-18,18165.349609375,18165.349609375,18183.75,18032.44921875,18074.30078125,255800.0,0.00620655632356,0.0061873749786786,0.0079421129317941,49.145813360251736,-74.17450949391423,-88.10031118607655,13.925801692162324,197.49302455357144,0.1675034230944774,232465.0
2023-01-19,18107.849609375,18107.849609375,18155.19921875,18063.75,18119.80078125,237800.0,-0.003165367099256,-0.0031703874707042,0.0079240129009134,50.08650347008173,-62.16370884643402,-82.91299071814805,20.749281871714032,191.5394810267857,-0.070367474589523,234570.0
2023-01-20,18027.650390625,18027.650390625,18145.44921875,18016.19921875,18115.599609375,237200.0,-0.0044289753051891,-0.0044388122721841,0.0068509787244304,44.19015566963874,-58.44277754033101,-78.01894808258464,19.576170542253635,191.58231026785717,-0.0025231286795626,235355.0
2023-01-23,18118.55078125,18118.55078125,18162.599609375,18063.44921875,18118.44921875,202500.0,0.0050422760956287,0.0050296063930943,0.0064371335719308,46.242835588009626,-47.61019019890591,-71.9371965058489,24.32700630694299,193.9252232142857,-0.1462900505902192,236645.0
2023-01-24,18118.30078125,18118.30078125,18201.25,18078.650390625,18183.94921875,216900.0,-1.3798013043020418e-05,-1.379810823647804e-05,0.0062680918953859,52.83756590096027,-38.60049709438317,-65.26985662355575,26.66935952917258,186.7965959821429,0.0711111111111111,236775.0
2023-01-25,17891.94921875,17891.94921875,18100.599609375,17846.150390625,18093.349609375,257200.0,-0.0124929796250122,-0.0125716729916367,0.0068619945103268,46.6672989550352,-49.15826392594317,-62.04753808403324,12.889274158090068,189.97154017857144,0.185799907791609,239940.0
2023-01-27,17604.349609375,17604.349609375,17884.75,17493.55078125,17877.19921875,476300.0,-0.0160742469061787,-0.0162048389496388,0.0075898611782642,42.30794146989573,-79.81222941162923,-65.60047634955245,-14.21175306207678,200.43931361607144,0.8518662519440123,249700.0
2023-01-30,17648.94921875,17648.94921875,17709.150390625,17405.55078125,17541.94921875,432400.0,0.0025334426073457,0.0025302388515036,0.0076069410424414,34.52312521221617,-99.36152436438717,-72.3526859525194,-27.00883841186776,201.98563058035717,-0.0921688011757295,261720.0
2023-01-31,17662.150390625,17662.150390625,17735.69921875,17537.55078125,17731.44921875,398300.0,0.0007479862801675,0.000747706677847,0.007477409381584,40.21133513795657,-112.49251354401711,-80.38065147081895,-32.11186207319818,196.73911830357144,-0.0788621646623496,268830.0
2023-02-01,17616.30078125,17616.30078125,17972.19921875,17353.400390625,17811.599609375,512900.0,-0.0025959245256645,-0.0025992997802722,0.0074376584743571,39.37326542619258,-125.15587830960794,-89.33569683857675,-35.82018147103119,230.08189174107144,0.2877228219934722,284040.0
2023-02-02,17610.400390625,17610.400390625,17653.900390625,17445.94921875,17517.099609375,490100.0,-0.0003349392530399,-0.0003349953577196,0.0071525062996865,40.34300659007424,-134.12172655689938,-98.29290278224128,-35.828823774658105,231.7819475446429,-0.044453109767986,296785.0
2023-02-03,17854.05078125,17854.05078125,17870.30078125,17584.19921875,17721.75,424100.0,0.0138355963078902,0.0137407582052342,0.0078847352468008,46.40998817118282,-120.18130041523546,-102.67058230884012,-17.51071810639533,236.13922991071428,-0.1346663946133441,304495.0
2023-02-06,17764.599609375,17764.599609375,17823.69921875,17698.349609375,17818.55078125,282500.0,-0.0050101331608701,-0.0050227259566789,0.0077910813094272,45.526985114991255,-115.0254326713075,-105.1415523813336,-9.883880289973888,233.2607421875,-0.3338835180381985,306710.0
2023-02-07,17721.5,17721.5,17811.150390625,17652.55078125,17790.099609375,354400.0,-0.0024261514654264,-0.0024290993398515,0.0070920868170504,37.62492934025653,-113.11324948679248,-106.7358918024254,-6.377357684367084,231.36774553571428,0.2545132743362832,311570.0
2023-02-08,17871.69921875,17871.69921875,17898.69921875,17744.150390625,17750.30078125,291000.0,0.0084755364246817,0.0084398207303899,0.0070411338553273,39.35086220696083,-98.34435632813256,-105.05758470756685,6.71322837943427,233.21763392857144,-0.1788939051918735,311955.0
2023-02-09,17893.44921875,17893.44921875,17916.900390625,17779.80078125,17885.5,260900.0,0.0012170079483646,0.0012162679944837,0.0070433569233594,42.0178675047301,-83.9175100490902,-100.8295697758715,16.912059726781308,235.7533482142857,-0.1034364261168384,312005.0
2023-02-10,17856.5,17856.5,17876.94921875,17801.0,17847.55078125,232000.0,-0.0020649578680046,-0.0020670928330845,0.0070428784050048,43.41603641319783,-74.60561648233124,-95.58477911716346,20.97916263483222,233.1247209821429,-0.1107704101188195,312215.0
2023-02-13,17770.900390625,17770.900390625,17880.69921875,17719.75,17859.099609375,231300.0,-0.0047937507000251,-0.0048052775756446,0.0069967631905215,36.57151392889421,-73.28822578635663,-91.1254684510021,17.837242664645473,234.9818638392857,-0.0030172413793103,310945.0
2023-02-14,17929.849609375,17929.849609375,17954.55078125,17800.05078125,17840.349609375,244500.0,0.0089443537049958,0.0089045899051629,0.0072654218790602,43.515771901835045,-58.74117886459135,-84.64861053371996,25.907431669128613,239.34263392857144,0.0570687418936446,312860.0
2023-02-15,18015.849609375,18015.849609375,18034.099609375,17853.80078125,17896.599609375,229300.0,0.0047964707944361,0.0047850043793272,0.007062565497511,54.71894047932539,-39.81410587615028,-75.68170960220603,35.86760372605575,232.78180803571428,-0.0621676891615542,313370.0
2023-02-16,18035.849609375,18035.849609375,18134.75,18000.650390625,18094.75,230200.0,0.0011101336008929,0.0011095178582493,0.0069141834776866,70.6419978248764,-22.936038937899863,-65.1325754693448,42.19653653144493,213.9033203125,0.0039249890972525,312090.0
2023-02-17,17944.19921875,17944.19921875,18034.25,17884.599609375,17974.849609375,208100.0,-0.0050815676893513,-0.005094522761127,0.0069685321587634,63.51567864499886,-16.762245130856172,-55.45850940164708,38.696264270790905,203.0212053571429,-0.0960034752389227,310605.0
2023-02-20,17844.599609375,17844.599609375,18004.349609375,17818.400390625,17965.55078125,174600.0,-0.0055505184801407,-0.0055659798467826,0.007006807748957,57.73976416313707,-19.67947243866729,-48.30270200905112,28.623229570383835,202.1498325892857,-0.1609802979336857,307475.0
2023-02-21,17826.69921875,17826.69921875,17924.900390625,17800.30078125,17905.80078125,198200.0,-0.001003126492992,-0.0010036299610954,0.0068850723676262,59.14219954579247,-23.168733285940107,-43.27590826442892,20.10717497848881,166.84988839285714,0.1351660939289805,307260.0
2023-02-22,17554.30078125,17554.30078125,17772.5,17529.44921875,17755.349609375,204000.0,-0.0152803631315826,-0.0153983109464969,0.0076034032680741,48.020755094024985,-47.36824339949089,-44.09437529144133,-3.273868108049569,173.22837611607142,0.0292633703329969,306615.0
2023-02-23,17511.25,17511.25,17620.05078125,17455.400390625,17574.650390625,240800.0,-0.0024524349779846,-0.0024554471223785,0.0071616536227597,35.9114975485553,-69.2224148599671,-49.11998320514648,-20.10243165482062,164.55329241071428,0.1803921568627451,305795.0
2023-02-24,17465.80078125,17465.80078125,17599.75,17421.80078125,17591.349609375,209400.0,-0.002595429723749,-0.0025988036906682,0.0062495601036423,37.25908566231768,-89.18134824228036,-57.13225621257326,-32.049092029707104,166.14243861607142,-0.1303986710963455,292450.0
2023-02-27,17392.69921875,17392.69921875,17451.599609375,17299.0,17428.599609375,246400.0,-0.0041854114458053,-0.0041941947968163,0.0062654724074409,36.32956003443067,-109.63384122566276,-67.63257321519116,-42.001268010471605,166.72823660714286,0.1766953199617955,283150.0
2023-02-28,17303.94921875,17303.94921875,17440.44921875,17255.19921875,17383.25,420900.0,-0.0051027157362857,-0.0051157790480877,0.0063299520819033,25.12374458296536,-131.48825776562808,-80.40371012527855,-51.08454764034953,167.30329241071428,0.708198051948052,284280.0
2023-03-01,17450.900390625,17450.900390625,17467.75,17345.25,17360.099609375,272900.0,0.008492348770636,0.0084564916412935,0.0066602387348283,32.5265935706563,-135.3896215973291,-91.40089241968866,-43.98872917764044,169.21051897321428,-0.3516274649560466,272280.0
2023-03-02,17321.900390625,17321.900390625,17445.80078125,17306.0,17421.5,310700.0,-0.0073921687198044,-0.0074196261962128,0.0068383591788988,30.322458199197413,-147.19394230197213,-102.55950239614536,-44.63443990582678,172.95703125,0.1385122755588128,263310.0
2023-03-03,17594.349609375,17594.349609375,17644.75,17427.69921875,17451.25,356200.0,0.0157285986298278,0.0156061861385825,0.0070611145159046,44.287306867820746,-133.03107705857838,-108.65381732863196,-24.377259729946417,184.52134486607144,0.1464435146443514,259915.0
2023-03-06,17711.44921875,17711.44921875,17799.94921875,17671.94921875,17680.349609375,362800.0,0.0066555236183669,0.006633473404126,0.0071681049286575,42.73645291078428,-111.07751206522516,-109.1385562759506,-1.9389557892745584,186.08914620535717,0.0185289163391353,263930.0
2023-03-08,17754.400390625,17754.400390625,17766.5,17602.25,17665.75,267000.0,0.0024250512391459,0.0024221155475668,0.0071682331932026,41.048415139761936,-89.18528062951737,-105.14790114666395,15.962620517146604,184.9428013392857,-0.2640573318632855,259560.0
2023-03-09,17589.599609375,17589.599609375,17772.349609375,17573.599609375,17772.05078125,262400.0,-0.0092822498999752,-0.0093255984380825,0.0071782059589207,36.09945025661991,-84.16339204736141,-100.95099932680344,16.787607279442042,189.56068638392856,-0.0172284644194756,258130.0
2023-03-10,17412.900390625,17412.900390625,17451.5,17324.349609375,17443.80078125,235900.0,-0.010045664635585,-0.0100964628118636,0.0074506672696363,34.282970661545235,-93.3654011548133,-99.43387969240544,6.068478537592142,197.7035435267857,-0.1009908536585365,256880.0
2023-03-13,17154.30078125,17154.30078125,17529.900390625,17113.44921875,17421.900390625,254900.0,-0.0148510359316261,-0.0149624166878137,0.0080418016297663,31.33521548050203,-120.13998794236612,-103.5751013423976,-16.564886599968546,214.16796875,0.0805426027977955,258025.0
2023-03-14,17043.30078125,17043.30078125,17224.650390625,16987.099609375,17160.55078125,290600.0,-0.0064706805258611,-0.0064917061281422,0.0080814020504552,29.83323579276349,-148.60281248597676,-112.58064357111344,-36.02216891486333,222.23590959821428,0.1400549234994115,260990.0
2023-03-15,16972.150390625,16972.150390625,17211.349609375,16938.900390625,17166.44921875,248200.0,-0.0041746837386849,-0.0041834220591396,0.0076630360312964,33.28165542803103,-174.88508153739895,-125.04153116437055,-49.84355037302839,220.46442522321428,-0.1459050240880935,261175.0
2023-03-16,16985.599609375,16985.599609375,17062.44921875,16850.150390625,16994.650390625,349800.0,0.0007924286811309,0.0007921148752918,0.0075072406954388,34.64313796200456,-192.4107383407936,-138.51537259965517,-53.89536574113845,223.8678850446429,0.4093473005640613,267200.0
2023-03-17,17100.05078125,17100.05078125,17145.80078125,16958.150390625,17111.80078125,408100.0,0.0067381296219788,0.0067155298897271,0.0077669739713797,39.72873829520224,-194.8189430560888,-149.7760866909419,-45.04285636514686,224.56082589285717,0.1666666666666667,276095.0
2023-03-20,16988.400390625,16988.400390625,17066.599609375,16828.349609375,17066.599609375,241800.0,-0.0065292432199922,-0.0065506519680019,0.0077976910439789,38.88679510677752,-203.39213810447472,-160.49929697364848,-42.89284113082624,232.0537109375,-0.4074981622151433,277780.0
2023-03-21,17107.5,17107.5,17127.69921875,17016.0,17060.400390625,246700.0,0.007010642946744,0.0069861826445701,0.0080578918098272,44.68870000887135,-198.2903461483147,-168.0575068085817,-30.232839339732976,228.771484375,0.020264681555004,281385.0
2023-03-22,17151.900390625,17151.900390625,17207.25,17107.849609375,17177.44921875,0.0,0.0025953757489405,0.0025920135774438,0.0081230241807341,41.44149684355999,-188.49158515105592,-172.14432247707657,-16.347262673979344,224.19642857142856,-1.0,271475.0
2023-03-24,16945.05078125,16945.05078125,17109.44921875,16917.349609375,17076.19921875,228000.0,-0.0077209333285906,-0.0077508940504488,0.0076526989035989,29.084578729551158,-190.05269782829785,-177.72680146012624,-12.325896368171584,215.9428013392857,0.0401459854014598,271595.0
2023-03-27,16985.69921875,16985.69921875,17091.0,16918.55078125,16984.30078125,218400.0,0.0023988383407489,0.002395965721106,0.0077003319954551,25.41080806369642,-188.8776392959262,-179.95696902728625,-8.920670268639952,213.5749162946429,-0.0421052631578947,272045.0
2023-03-28,16951.69921875,16951.69921875,17061.75,16913.75,17031.75,238800.0,-0.0020016838613549,-0.002003689907923,0.0076736640911645,22.63765294586825,-188.51680837403185,-181.66893689663536,-6.847871477396467,212.41420200892856,0.0934065934065933,271665.0
2023-03-29,17080.69921875,17080.69921875,17126.150390625,16940.599609375,16977.30078125,345900.0,0.0076098565893214,0.0075810476927372,0.007862389640452,32.21869024432522,-175.79516809762936,-180.49418313683412,4.699015039204795,211.4714006696429,0.4484924623115578,267915.0
2023-03-31,17359.75,17359.75,17381.599609375,17204.650390625,17210.349609375,263900.0,0.0163371989446239,0.0162051828184336,0.0085099209663847,48.266853485335794,-141.56424609363967,-172.70819572819525,31.143949634555582,214.01785714285717,-0.2370627348944781,267465.0
2023-04-03,17398.05078125,17398.05078125,17428.05078125,17312.75,17427.94921875,230200.0,0.0022062979737611,0.0022038676723761,0.0083538208276324,59.28181923657037,-110.0765469185062,-160.18186596625745,50.10531904775124,192.50711495535717,-0.1276998863205759,263440.0
2023-04-05,17557.05078125,17557.05078125,17570.55078125,17402.69921875,17422.30078125,248300.0,0.0091389548173612,0.0090974472685303,0.0078244818084716,68.873285518714,-71.46850287053894,-142.43919334711376,70.97069047657482,187.86063058035717,0.078627280625543,258045.0
2023-04-06,17599.150390625,17599.150390625,17638.69921875,17502.849609375,17533.849609375,242700.0,0.0023978747854371,0.0023950044712142,0.0076884031106656,73.53603603603604,-37.04720604098839,-121.36079588588868,84.3135898449003,178.103515625,-0.0225533628674989,252040.0
2023-04-10,17624.05078125,17624.05078125,17694.099609375,17597.94921875,17634.900390625,254800.0,0.001414863221935,0.0014138632460749,0.0076729309461097,73.76160686896941,-7.670407209676341,-98.62271815064624,90.9523109409699,169.80719866071428,0.0498557890399671,251430.0
2023-04-11,17722.30078125,17722.30078125,17748.75,17655.150390625,17704.80078125,304300.0,0.0055747683219642,0.0055592868116142,0.0074783903004734,73.4413260501036,23.270622156280297,-74.24405008926092,97.51467224554122,165.31068638392858,0.194270015698587,253525.0
2023-04-12,17812.400390625,17812.400390625,17825.75,17717.25,17759.55078125,232800.0,0.0050839679614469,0.0050710882313096,0.0071226433515808,81.55397461250108,54.43441033153067,-48.50835800510261,102.94276833663328,153.65345982142858,-0.2349654945777193,253370.0
2023-04-13,17828.0,17828.0,17842.150390625,17729.650390625,17807.30078125,285800.0,0.0008757724412713,0.0008753891763391,0.006049375878021,79.96591533095271,79.47456181121015,-22.91177404184005,102.3863358530502,151.7392578125,0.2276632302405499,254915.0
2023-04-17,17706.849609375,17706.849609375,17863.0,17574.05078125,17863.0,357400.0,-0.0067955121508301,-0.0068187067828511,0.0060735482737713,71.69551420080572,88.52280247265662,-0.6248587389407199,89.14766121159734,165.25348772321428,0.2505248425472357,258255.0
2023-04-18,17660.150390625,17660.150390625,17766.599609375,17610.19921875,17766.599609375,258900.0,-0.0026373533282438,-0.0026408372714739,0.0060015358051813,73.31790383738436,90.87777924475448,17.675668857798325,73.20211038695616,164.9892578125,-0.2756015668718522,258790.0
2023-04-19,17618.75,17618.75,17666.150390625,17579.849609375,17653.349609375,281500.0,-0.0023442830162407,-0.0023470351496987,0.0060754453994894,79.03377315991663,88.38460704488898,31.817456495216454,56.56715054967252,157.43219866071428,0.0872923908845113,255375.0
2023-04-20,17624.44921875,17624.44921875,17684.44921875,17584.349609375,17638.599609375,215100.0,0.0003234746363958,0.0003234223297552,0.005972200894674,78.38258164852255,85.87867354591071,42.62969990535531,43.248973640555405,152.26436941964286,-0.2358792184724689,245725.0
2023-04-21,17624.05078125,17624.05078125,17663.19921875,17553.94921875,17639.75,230200.0,-2.260708945023282e-05,-2.260734499433094e-05,0.0056802560232856,80.79524228696567,82.9048768040193,50.68473528508811,32.220141518931186,149.49651227678572,0.0701999070199907,245145.0
2023-04-24,17743.400390625,17743.400390625,17754.5,17612.5,17707.55078125,255700.0,0.0067719737565652,0.0067491469394085,0.0056690913650637,80.62395416465849,89.15096071075823,58.37798037022213,30.77298034053609,146.3857421875,0.1107732406602954,245595.0
2023-04-25,17769.25,17769.25,17807.44921875,17716.849609375,17761.55078125,297400.0,0.0014568576938982,0.0014557975062981,0.0056668408712687,74.7044850404389,95.0907279301573,65.72052988220918,29.37019804794812,131.3642578125,0.1630817364098553,260465.0
2023-04-26,17813.599609375,17813.599609375,17827.75,17711.19921875,17767.30078125,233000.0,0.0024958627615121,0.0024927532688865,0.0054790553780321,74.88776228766075,102.19859726381765,73.01614335853087,29.182453905286778,131.45354352678572,-0.2165433759246805,261155.0
2023-04-27,17915.05078125,17915.05078125,17931.599609375,17797.900390625,17813.099609375,241400.0,0.0056951528101938,0.0056789967392659,0.005011034200118,73.02852433312562,114.6957553555585,81.3520657579364,33.3436895976221,128.68205915178572,0.0360515021459226,261825.0
2023-04-28,18065.0,18065.0,18089.150390625,17885.30078125,17950.400390625,290300.0,0.0083700136036979,0.0083351792806977,0.0051615581250471,76.31483136398239,135.14166298748387,92.1099852038459,43.03167778363797,133.53920200892858,0.2025683512841756,265420.0
2023-05-02,18147.650390625,18147.650390625,18180.25,18101.75,18124.80078125,265200.0,0.0045751669319125,0.0045647326692429,0.0050273467118445,77.76548741307847,156.21365411092847,104.93071898526242,51.28293512566606,134.90345982142858,-0.0864622803995865,266740.0
2023-05-03,18089.849609375,18089.849609375,18116.349609375,18042.400390625,18113.80078125,226200.0,-0.0031850283648763,-0.0031901113635851,0.0051329360062288,70.36400586079952,166.3319477505429,117.21096473831852,49.12098301222437,133.51422991071428,-0.1470588235294118,260755.0
2023-05-04,18255.80078125,18255.80078125,18267.44921875,18066.69921875,18081.0,226600.0,0.0091737176073036,0.0091318946467,0.0043324849214148,72.66180730660885,185.6021351362724,130.88919881790932,54.71293631836309,140.103515625,0.0017683465959328,258890.0
2023-05-05,18069.0,18069.0,18216.94921875,18055.44921875,18117.30078125,239700.0,-0.0102324068655403,-0.0102851178222677,0.0051892544180392,60.48281861678991,183.6832494255359,141.44800893943466,42.23524048610125,146.37862723214286,0.057811120917917,259365.0
2023-05-08,18264.400390625,18264.400390625,18286.94921875,18100.30078125,18120.599609375,228400.0,0.0108141231183243,0.0107560686526575,0.0053239068472381,72.78042007150154,195.67408808463733,152.2932247684752,43.38086331616213,141.30719866071428,-0.047142261159783,258370.0
2023-05-09,18265.94921875,18265.94921875,18344.19921875,18229.650390625,18303.400390625,245400.0,8.480038171931881e-05,8.479678637020549e-05,0.0053396879784009,75.69994183377717,202.9622689006319,162.42703359490656,40.53523530572534,138.31780133928572,0.074430823117338,258505.0
2023-05-10,18315.099609375,18315.099609375,18326.75,18211.94921875,18313.599609375,220500.0,0.0026908205008338,0.0026872067245805,0.0053415273396626,79.34841482949766,210.28025062797315,171.9976770015199,38.28257362645326,140.353515625,-0.1014669926650366,256790.0
2023-05-11,18297.0,18297.0,18389.69921875,18270.400390625,18357.80078125,248900.0,-0.0009882342854272,-0.0009887229108728,0.0053078669359296,78.05217022940563,212.1735124798433,180.0328440971846,32.14066838265873,141.72488839285714,0.1287981859410429,254020.0
2023-05-12,18314.80078125,18314.80078125,18342.75,18194.55078125,18273.75,241700.0,0.0009728797753729,0.0009724068345624,0.0052455022069346,78.39899144008865,212.65891086828924,186.55805745140557,26.10085341688369,144.50697544642858,-0.0289272800321414,254465.0
2023-05-15,18398.849609375,18398.849609375,18458.900390625,18287.900390625,18339.30078125,216100.0,0.0045891205221868,0.0045786226137952,0.0052913109231722,77.75324348821363,217.32049520119472,192.71054500136336,24.60995019983133,146.57840401785714,-0.1059164253206453,250980.0
2023-05-16,18286.5,18286.5,18432.349609375,18264.349609375,18432.349609375,219500.0,-0.0061063388070606,-0.0061250587396132,0.0052357774014308,70.40672909179453,209.53378479733144,196.07519296055705,13.458591836774444,152.10700334821428,0.015733456732994,244085.0
2023-05-17,18181.75,18181.75,18309.0,18115.349609375,18300.44921875,229900.0,-0.0057282694884204,-0.0057447389485387,0.0054108976587353,63.86367347299021,192.689111007443,195.39797656993423,-2.708865562491241,157.61411830357142,0.047380410022779,242635.0
2023-05-18,18129.94921875,18129.94921875,18297.19921875,18104.849609375,18287.5,272100.0,-0.0028490536527011,-0.0028531199312594,0.0054307677508092,58.40693900254895,173.16357365345175,190.95109598663777,-17.78752233318602,161.80343191964286,0.1835580687255329,242165.0
2023-05-19,18203.400390625,18203.400390625,18218.099609375,18060.400390625,18186.150390625,260900.0,0.0040513721791914,0.0040431874696799,0.0054541691903831,55.7589874207805,161.75176666068728,185.1112301214477,-23.359463460760423,158.50697544642858,-0.0411613377434766,244455.0
2023-05-22,18314.400390625,18314.400390625,18335.25,18178.849609375,18201.099609375,262600.0,0.0060977618257063,0.0060792457091855,0.0055276805610296,56.77871361967554,159.82226811466535,180.05343772009124,-20.23116960542589,161.4462890625,0.0065159064775777,246075.0
2023-05-23,18348.0,18348.0,18419.75,18324.19921875,18362.900390625,270400.0,0.0018346005688616,0.0018329197446846,0.0054093948906395,60.7049542800217,159.16952706021038,175.87665558811506,-16.707128527904672,161.45340401785714,0.0297029702970297,246810.0
2023-05-24,18285.400390625,18285.400390625,18392.599609375,18262.94921875,18294.80078125,232600.0,-0.0034117947119577,-0.0034176281556568,0.0055287029193257,51.342507206397975,151.85052147412352,171.07142876531674,-19.22090729119321,156.37486049107142,-0.139792899408284,243570.0
2023-05-25,18321.150390625,18321.150390625,18338.099609375,18202.400390625,18268.900390625,235900.0,0.0019551116867164,0.0019532029433287,0.0055246254359679,63.25224650014063,147.23761941694465,166.30466689564233,-19.067047478697678,151.7568359375,0.0141874462596731,243715.0
2023-05-26,18499.349609375,18499.349609375,18508.55078125,18333.150390625,18368.349609375,198700.0,0.0097264208278746,0.0096794236936861,0.0057574389415538,62.57558270818175,156.16092306824794,164.27591813016346,-8.114995061915522,149.57477678571428,-0.1576939381093683,241580.0
2023-05-29,18598.650390625,18598.650390625,18641.19921875,18581.25,18619.150390625,265300.0,0.0053677985089635,0.0053534432264762,0.0056094706012504,66.1207988143841,169.29393357205117,165.279521218541,4.014412353510181,151.52483258928572,0.3351786612984397,240330.0
2023-05-30,18633.849609375,18633.849609375,18662.44921875,18575.5,18606.650390625,234400.0,0.0018925684396833,0.0018907797884415,0.0055632368017448,65.65647844356184,180.4619685556936,168.31601068597152,12.145957869722082,149.53543526785714,-0.1164719185827365,238790.0
2023-05-31,18534.400390625,18534.400390625,18603.900390625,18483.849609375,18594.19921875,696500.0,-0.0053370195013254,-0.0053513122664302,0.0056749999234741,60.79780968337417,179.22203585278112,170.49721571933344,8.724820133447679,151.72837611607142,1.97141638225256,262305.0
2023-06-01,18487.75,18487.75,18580.30078125,18464.55078125,18579.400390625,265600.0,-0.0025169624936233,-0.0025201353688439,0.0054095820143104,57.6651800862863,172.48676356158103,170.89512528778295,1.5916382737980823,149.41057477678572,-0.618664752333094,264255.0
2023-06-02,18534.099609375,18534.099609375,18573.69921875,18478.400390625,18550.849609375,270900.0,0.0025070443604549,0.0025039069673706,0.0047740153247631,56.20157260303416,168.94158443956985,170.50441711814034,-1.5628326785704871,144.00334821428572,0.0199548192771084,265815.0
2023-06-05,18593.849609375,18593.849609375,18640.150390625,18582.80078125,18612.0,256100.0,0.0032237875731377,0.0032186023111129,0.0042492529098349,64.80703979645413,169.00514399423992,170.20456249336027,-1.1994184991203554,139.57840401785714,-0.0546327057954965,267200.0
2023-06-06,18599.0,18599.0,18622.75,18531.599609375,18600.80078125,220800.0,0.0002769943144211,0.0002769559585788,0.0042475225598819,72.2355448974154,167.53981419098272,169.67161283288476,-2.131798641902037,132.25697544642858,-0.1378367825068333,265970.0
2023-06-07,18726.400390625,18726.400390625,18738.94921875,18636.0,18665.599609375,260100.0,0.0068498516385289,0.0068264979901573,0.0044367658478882,79.41516997983013,174.64547226744617,170.66638471979704,3.9790875476491294,128.51409040178572,0.1779891304347827,267950.0
2023-06-08,18634.55078125,18634.55078125,18777.900390625,18615.599609375,18725.349609375,286500.0,-0.0049048192636628,-0.004916887367083,0.0046174881417388,70.88404971703523,170.89528713769687,170.71216520337703,0.1831219343198427,128.8427734375,0.1014994232987311,269830.0
2023-06-09,18563.400390625,18563.400390625,18676.650390625,18555.400390625,18655.900390625,221800.0,-0.0038181972541345,-0.0038255051772626,0.0047375674351752,62.54536437135412,160.333768628494,168.63648588840044,-8.302717259906444,126.33203125,-0.2258289703315881,268835.0
2023-06-12,18601.5,18601.5,18633.599609375,18559.75,18595.05078125,179500.0,0.0020524046550352,0.0020503013499982,0.0046608800002502,62.714434613606265,153.2711942636888,165.5634275634581,-12.292233299769322,124.08203125,-0.1907123534715959,267005.0
2023-06-13,18716.150390625,18716.150390625,18728.900390625,18631.80078125,18631.80078125,233200.0,0.0061635024393194,0.006144585747086,0.0045435265639917,70.53245249151867,155.13705811019827,163.47815367280617,-8.341095562607904,123.92131696428572,0.2991643454038997,267690.0
2023-06-14,18755.900390625,18755.900390625,18769.69921875,18690.0,18744.599609375,261400.0,0.0021238341844009,0.0021215820368078,0.0042453934643929,70.64439539240601,158.00191373797497,162.38290568583994,-4.38099194786497,119.92131696428572,0.1209262435677529,269265.0
2023-06-15,18688.099609375,18688.099609375,18794.099609375,18669.05078125,18774.44921875,263000.0,-0.0036149041015322,-0.0036214536561356,0.004290509877779,60.012723120853074,153.03725780545938,160.51377610976385,-7.476518304304477,115.46763392857144,0.0061208875286915,268810.0
2023-06-16,18826.0,18826.0,18864.69921875,18710.5,18723.30078125,272800.0,0.007379048352023,0.0073519563684706,0.0044549690677099,61.585869584691125,158.40415673661482,160.09185223513404,-1.6876954985192183,117.94977678571428,0.0372623574144486,269405.0
2023-06-19,18755.44921875,18755.44921875,18881.44921875,18719.150390625,18873.30078125,219800.0,-0.0037475183921172,-0.0037545579318734,0.0044863905764511,55.98127770444366,155.17583395633483,159.1086485793742,-3.932814623039377,123.33189174107144,-0.1942815249266862,267265.0
2023-06-20,18816.69921875,18816.69921875,18839.69921875,18660.650390625,18752.349609375,211600.0,0.0032657175674986,0.0032603966930515,0.0045084022340216,64.42798932302637,155.76417555063017,158.4397539736254,-2.6755784229952155,125.40680803571428,-0.0373066424021838,264325.0
2023-06-21,18856.849609375,18856.849609375,18875.900390625,18794.849609375,18849.400390625,217500.0,0.002133763746672,0.0021314905059401,0.0043737200890117,68.99045949960106,157.65291678632275,158.28238653616486,-0.6294697498421158,122.92829241071428,0.0278827977315689,263570.0
2023-06-22,18771.25,18771.25,18886.599609375,18759.5,18853.599609375,252700.0,-0.0045394438174043,-0.0045497783797934,0.0045782860408957,61.72789423153079,150.50762650190882,156.72743452931363,-6.219808027404838,125.19977678571428,0.16183908045977,264410.0
2023-06-23,18665.5,18665.5,18756.400390625,18647.099609375,18741.849609375,210600.0,-0.0056336152360657,-0.0056495438985202,0.0043600971551514,53.38915875693584,134.75838053546613,152.33362373054416,-17.57524319507803,126.49260602678572,-0.1666007123070835,265005.0
2023-06-26,18691.19921875,18691.19921875,18722.05078125,18646.69921875,18682.349609375,171300.0,0.0013768299134766,0.0013758829522746,0.004212299030278,54.27798278874526,122.93359980066816,146.45361894456897,-23.52001914390081,125.36411830357144,-0.1866096866096865,260305.0
2023-06-27,18817.400390625,18817.400390625,18829.25,18714.25,18748.55078125,222500.0,0.0067519034171119,0.0067292114028286,0.0044453245387871,54.22704393614435,122.33554769590046,141.63000469483526,-19.294456998934805,125.228515625,0.2988908347927612,259710.0
2023-06-28,18972.099609375,18972.099609375,19011.25,18861.349609375,18908.150390625,398800.0,0.0082210728123248,0.008187463868637,0.0045411622826194,64.81449415992196,132.81352947768755,139.86670965140573,-7.053180173718175,127.48200334821428,0.7923595505617977,244825.0
2023-06-30,19189.05078125,19189.05078125,19201.69921875,19024.599609375,19076.849609375,247900.0,0.0114352747635688,0.0113703862194518,0.0049929433132007,74.34337416235654,156.815876157405,143.2565429526056,13.5593332047994,135.22126116071428,-0.3783851554663991,243940.0
2023-07-03,19322.55078125,19322.55078125,19345.099609375,19234.400390625,19246.5,226100.0,0.0069570924336936,0.0069330035274252,0.0051201207123903,76.1164529309896,184.4836306653633,151.50196049515716,32.981670170206144,141.09263392857142,-0.0879386849536103,241700.0
2023-07-04,19389.0,19389.0,19434.150390625,19300.0,19406.599609375,226900.0,0.0034389465191355,0.0034330468644171,0.0051228367499784,75.2523408878001,209.3590611269756,163.07338062152087,46.28568050545471,141.57477678571428,0.0035382574082265,240240.0
2023-07-05,19398.5,19398.5,19421.599609375,19339.599609375,19405.94921875,224400.0,0.0004899685388621,0.000489848543472,0.0051190494710036,74.67736733545847,227.22033500855832,175.90277149892836,51.31756350962996,141.73911830357142,-0.0110180696342,240420.0
2023-07-06,19497.30078125,19497.30078125,19512.19921875,19373.0,19385.69921875,268300.0,0.0050932175812563,0.0050802910218655,0.0050481863982225,80.35258763042182,246.50634883306336,190.02348696575535,56.482861867308,142.74986049107142,0.1956327985739749,240830.0
2023-07-07,19331.80078125,19331.80078125,19523.599609375,19303.599609375,19422.80078125,237100.0,-0.0084883544577184,-0.0085245857132682,0.0053612161675608,68.5873952812692,245.60500526157196,201.1397906249187,44.46521463665323,145.84988839285714,-0.1162877376071561,238360.0
2023-07-10,19355.900390625,19355.900390625,19435.849609375,19327.099609375,19400.349609375,268200.0,0.0012466303397029,0.0012458539412885,0.0051963680299491,72.84560337076147,244.02238292337643,209.71630908461023,34.30607383876617,142.02497209821428,0.1311682834247152,240680.0
2023-07-11,19439.400390625,19439.400390625,19515.099609375,19406.44921875,19427.099609375,251300.0,0.0043139300324381,0.0043046517107255,0.005219710817727,73.2977024042839,246.66252345130124,217.10555195794848,29.55697149335276,140.60714285714286,-0.0630126771066368,244270.0
2023-07-12,19384.30078125,19384.30078125,19507.69921875,19361.75,19497.44921875,327900.0,-0.0028344294714754,-0.0028384540734558,0.0052494629302831,69.51571851635589,241.52463025721227,221.9893676178013,19.535262639411,145.24274553571428,0.3048149621965779,249005.0
2023-07-13,19413.75,19413.75,19567.0,19385.80078125,19495.19921875,310400.0,0.0015192303855748,0.0015180775225879,0.0052490495036783,74.80313417035869,237.09602335008455,225.01069876425797,12.08532458582664,149.21414620535714,-0.0533699298566636,251455.0
2023-07-14,19564.5,19564.5,19595.349609375,19433.5,19493.44921875,291200.0,0.0077651149314275,0.0077351215942267,0.005255023765898,83.53978973508487,242.9500091254049,228.5985608364873,14.351448288917569,153.31766183035714,-0.0618556701030927,252865.0
2023-07-17,19711.44921875,19711.44921875,19731.849609375,19562.94921875,19612.150390625,268700.0,0.0075110132510414,0.0074829460454974,0.0052618056322392,84.90542082853332,256.49024894509785,234.17689845820945,22.3133504868884,159.99972098214286,-0.0772664835164834,252660.0
2023-07-18,19749.25,19749.25,19819.44921875,19690.19921875,19787.5,286400.0,0.0019177068530324,0.001915870400722,0.0050672204912087,83.93359326658141,267.19118008365695,240.77975478329896,26.41142530035799,159.37109375,0.0658727205061406,255990.0
2023-07-19,19833.150390625,19833.150390625,19851.69921875,19727.44921875,19802.94921875,259700.0,0.0042482823714824,0.0042392838963021,0.0050787942568076,83.06011830485699,279.2230954120605,248.46842290905127,30.754672503009232,154.39969308035714,-0.0932262569832402,258395.0
2023-07-20,19979.150390625,19979.150390625,19991.849609375,19758.400390625,19831.69921875,274700.0,0.0073614124394989,0.0073344494857055,0.0051844556244936,82.08399095848038,297.1145037700735,258.1976390812557,38.91686468881778,154.67466517857142,0.0577589526376587,261255.0
2023-07-21,19745.0,19745.0,19887.400390625,19700.0,19800.44921875,312500.0,-0.011719737128305,-0.0117889545859248,0.0059232617534104,65.85830798964159,289.0674050403686,264.3715922730783,24.695812767290303,163.46763392857142,0.1376046596286857,264245.0
2023-07-24,19672.349609375,19672.349609375,19782.75,19658.30078125,19748.44921875,265600.0,-0.0036794322929856,-0.0036862180542648,0.0057959353467025,60.587360410314496,273.67300985994007,266.23187579045066,7.441134069489408,162.77469308035714,-0.15008,266995.0
2023-07-25,19680.599609375,19680.599609375,19729.349609375,19615.94921875,19729.349609375,369700.0,0.0004193703428323,0.0004192824316674,0.0058109074297677,60.55050964728639,259.1512129537914,264.81574322311883,-5.664530269327429,165.017578125,0.3919427710843373,276915.0
2023-07-26,19778.30078125,19778.30078125,19825.599609375,19716.69921875,19733.349609375,244700.0,0.0049643391875346,0.0049520574860006,0.0057571584936184,60.51803547146638,252.61427224579893,262.3754490276549,-9.761176781855966,165.43191964285714,-0.3381119826886665,278025.0
2023-07-27,19659.900390625,19659.900390625,19867.55078125,19603.55078125,19850.900390625,334900.0,-0.0059863783008722,-0.0060043684967971,0.0058902444792251,62.729856096026914,235.1688969717761,256.9341386164792,-21.765241644703053,168.57477678571428,0.3686146301593789,274830.0
2023-07-28,19646.05078125,19646.05078125,19695.900390625,19563.099609375,19659.75,258700.0,-0.0007044597937843,-0.000704708042179,0.0054542944224106,61.34773063719986,217.71606833718036,249.09052456061943,-31.374456223439097,170.29268973214286,-0.2275306061510899,275370.0
2023-07-31,19753.80078125,19753.80078125,19772.75,19597.599609375,19666.349609375,295100.0,0.0054845628365591,0.0054695773892536,0.0053818293239291,62.06724909030665,210.15654654839815,241.3037289581752,-31.147182409777,171.43205915178572,0.1407035175879396,278820.0
2023-08-01,19733.55078125,19733.55078125,19795.599609375,19704.599609375,19784.0,298000.0,-0.0010251191770254,-0.001025644971054,0.0053730704762828,63.773300058538986,200.22351327743309,233.0876858220268,-32.864172544593686,167.50711495535714,0.0098271772280582,282375.0
2023-08-02,19526.55078125,19526.55078125,19678.25,19423.55078125,19655.400390625,290700.0,-0.0104897492749598,-0.0105451544933879,0.0059468928534239,53.90205473713796,173.64665230129322,221.1994791178801,-47.55282681658685,176.60002790178572,-0.0244966442953019,285690.0
2023-08-03,19381.650390625,19381.650390625,19537.650390625,19296.44921875,19463.75,315700.0,-0.0074206854169113,-0.0074483556761193,0.0060779888949635,43.64908262793213,139.28644057723795,204.81687140975168,-65.5304308325137,180.85728236607144,0.085999312005504,288060.0
2023-08-04,19517.0,19517.0,19538.849609375,19436.44921875,19462.80078125,280800.0,0.0069833892701145,0.0069591183373327,0.0059617332543903,43.19133046646752,121.5758567483972,188.1686684774808,-66.59281172908359,180.021484375,-0.110547988596769,290245.0
2023-08-07,19597.30078125,19597.30078125,19620.44921875,19524.80078125,19576.849609375,216600.0,0.0041144018676027,0.0041059608614452,0.0060150429515368,44.83325186751533,112.72032368592772,173.0789995191702,-60.35867583324247,178.17857142857142,-0.2286324786324786,287665.0
2023-08-08,19570.849609375,19570.849609375,19634.400390625,19533.099609375,19627.19921875,260300.0,-0.0013497354646058,-0.0013506471779916,0.0059659521024639,40.71832780893985,102.38760089555215,158.94071979444658,-56.55311889889441,176.53934151785714,0.2017543859649122,288115.0
2023-08-09,19632.55078125,19632.55078125,19645.5,19467.5,19578.80078125,266500.0,0.0031527078847637,0.0031477485221408,0.0059477286169733,36.95724073456153,98.04738335015644,146.76205250558857,-48.71466915543212,172.57868303571428,0.0238186707645025,285045.0
2023-08-10,19543.099609375,19543.099609375,19623.599609375,19495.400390625,19605.55078125,312200.0,-0.0045562684580157,-0.004566679886024,0.0060553515467245,41.4738432657936,86.39387289179649,134.68841658283017,-48.29454369103368,162.43582589285714,0.1714821763602252,285135.0
2023-08-11,19428.30078125,19428.30078125,19557.75,19412.75,19554.25,235500.0,-0.0058741361615907,-0.0058914567617632,0.005943241239677,40.04820075470977,67.12134282023544,121.17500183031125,-54.05365901007579,163.90373883928572,-0.2456758488148622,282350.0
2023-08-14,19434.55078125,19434.55078125,19465.849609375,19257.900390625,19383.94921875,243900.0,0.0003216956578122,0.0003216439248586,0.0056542682396338,39.95025264572001,51.75544213374087,107.29108989099716,-55.5356477572563,170.6572265625,0.0356687898089171,281110.0
2023-08-16,19465.0,19465.0,19482.75,19317.19921875,19369.0,0.0,0.0015667570139761,0.0015655309306883,0.0056462822810477,36.45949751322734,41.55582295333443,94.14403650346463,-52.588213550130206,172.12513950892858,-1.0,266790.0
2023-08-18,19310.150390625,19310.150390625,19373.80078125,19253.599609375,19301.75,256100.0,-0.0028452826260957,-0.0028493381372506,0.0052360053146221,35.760922661676915,7.585765204774361,65.79074964086804,-58.20498443609368,162.27873883928572,-0.0468924451060662,266310.0
2023-08-21,19393.599609375,19393.599609375,19425.94921875,19296.30078125,19320.650390625,262600.0,0.0043215209131937,0.0043122099570484,0.0048315038405635,34.40959113249687,0.4077495159035607,52.71414961587515,-52.30640009997159,159.02859933035714,0.0253807106598984,263815.0
2023-08-22,19396.44921875,19396.44921875,19443.5,19381.30078125,19417.099609375,208700.0,0.0001469355577301,0.0001469247637584,0.004790668045,35.18626599422542,-4.993379401490529,41.172643812402015,-46.166023213892544,156.97140066964286,-0.2052551408987052,260970.0
2023-08-23,19444.0,19444.0,19472.05078125,19366.599609375,19439.19921875,225200.0,0.0024515199000461,0.0024485198272942,0.0048368755482122,45.7811289717238,-5.374903788033407,31.86313429231493,-37.23803808034834,142.36077008928572,0.0790608528988978,253745.0
2023-08-24,19386.69921875,19386.69921875,19584.44921875,19369.0,19535.150390625,268300.0,-0.0029469646806212,-0.0029513155310064,0.0046793659770096,50.28340258515781,-10.183568933753122,23.45379364710132,-33.63736258085444,140.52134486607142,0.1913854351687389,254925.0
2023-08-25,19265.80078125,19265.80078125,19339.55078125,19229.69921875,19297.400390625,466500.0,-0.0062361537740819,-0.0062556798015631,0.0046937167949223,35.667066370083745,-23.47930935921613,14.06717304583783,-37.546482405053965,140.50711495535714,0.7387253074916138,261505.0
2023-08-28,19306.05078125,19306.05078125,19366.849609375,19249.69921875,19298.349609375,248200.0,0.0020891942389009,0.0020870149074536,0.004744317397335,32.585949177877424,-30.41780331809059,5.170177773052146,-35.58798109114274,141.48577008928572,-0.4679528403001072,260980.0
2023-08-29,19342.650390625,19342.650390625,19377.900390625,19309.099609375,19374.849609375,307400.0,0.001895758474361,0.0018939637920959,0.0045557727296195,36.51939744690278,-32.5876767167174,-2.381393124901763,-30.206283591815637,139.38211495535714,0.2385173247381145,261595.0
2023-08-30,19347.44921875,19347.44921875,19452.80078125,19334.75,19433.44921875,233000.0,0.0002480956863764,0.0002480649157308,0.0045648964393589,31.944080233139218,-33.53353794251598,-8.611822088424606,-24.92171585409137,135.10002790178572,-0.2420299284320104,258345.0
2023-08-31,19253.80078125,19253.80078125,19388.19921875,19223.650390625,19375.55078125,562600.0,-0.0048403506033882,-0.0048521030396481,0.0040960259784612,31.77515127801935,-41.36297935369657,-15.162053541479,-26.200925812217573,137.05705915178572,1.4145922746781117,271940.0
2023-09-01,19435.30078125,19435.30078125,19458.55078125,19255.69921875,19258.150390625,333000.0,0.0094267101889176,0.0093825560252025,0.0043637095620351,50.406790126259295,-32.547151634782495,-18.639073160139706,-13.908078474642792,141.32491629464286,-0.4081052257376466,272805.0
2023-09-04,19528.80078125,19528.80078125,19545.150390625,19432.849609375,19525.05078125,296800.0,0.0048108337016425,0.0047992986219631,0.0042088723377539,54.972856218337405,-17.810566936092073,-18.473371915330176,0.6628049792381034,134.49288504464286,-0.1087087087087087,273605.0
2023-09-05,19574.900390625,19574.900390625,19587.05078125,19525.75,19564.650390625,256800.0,0.0023605960187407,0.0023578141889496,0.0041371446346496,55.70439997810251,-2.384378553229908,-15.255573242910122,12.871194689680214,127.04645647321428,-0.1347708894878706,275615.0
2023-09-06,19611.05078125,19611.05078125,19636.44921875,19491.5,19581.19921875,287600.0,0.0018467726478093,0.0018450694598145,0.0041459864810868,63.660223513168525,12.61263072597285,-9.681932449133528,22.294563175106376,127.4892578125,0.1199376947040498,276980.0
2023-09-07,19727.05078125,19727.05078125,19737.0,19550.05078125,19598.650390625,304900.0,0.0059150323607803,0.0058976072365512,0.0042959554974463,71.70009657906776,33.47225189086748,-1.0510955811333265,34.52334747200081,132.25697544642858,0.0601529902642559,278900.0
2023-09-08,19819.94921875,19819.94921875,19867.150390625,19727.05078125,19774.80078125,288100.0,0.004709190366575,0.0046981368182121,0.0042498411254816,71.97576626404624,56.84451132899267,10.528025800891871,46.31648552810079,133.00348772321428,-0.0551000327976385,277695.0
2023-09-11,19996.349609375,19996.349609375,20008.150390625,19865.349609375,19890.0,248800.0,0.0089001434200508,0.0088607705870589,0.0043280707747762,76.22869205374359,88.58013593773285,26.13844782826007,62.44168810947278,142.00362723214286,-0.1364109684137452,278360.0
2023-09-12,19993.19921875,19993.19921875,20110.349609375,19914.650390625,20110.150390625,328100.0,-0.0001575482868895,-0.0001575606989245,0.0043359708923031,74.98187594618221,112.18345584130292,43.34744943086864,68.8360064104343,148.44991629464286,0.3187299035369775,282570.0
2023-09-13,20070.0,20070.0,20096.900390625,19944.099609375,19989.5,251400.0,0.0038413452699443,0.003833986143147,0.0043695325892206,80.54007528300964,135.52419950260082,61.78279944521508,73.74140005738575,143.97502790178572,-0.2337701920146296,295140.0
2023-09-14,20103.099609375,20103.099609375,20167.650390625,20043.44921875,20127.94921875,275100.0,0.0016492082399102,0.0016478497893743,0.0040785439331601,90.6102281274452,154.90709628706463,80.40765881358499,74.49943747347965,141.63225446428572,0.094272076372315,295460.0
2023-09-15,20192.349609375,20192.349609375,20222.44921875,20129.69921875,20156.44921875,438200.0,0.0044396138771742,0.0044297878632228,0.0039579069841364,91.036286391744,175.44746161634976,99.41561937413796,76.03184224221181,141.78934151785714,0.5928753180661577,304565.0
2023-09-18,20133.30078125,20133.30078125,20195.349609375,20115.69921875,20155.94921875,264900.0,-0.0029243168460981,-0.0029286010148227,0.0040872048819833,85.86217954964644,184.8304913359716,116.49859376650468,68.33189756946692,142.34654017857142,-0.395481515289822,304680.0
2023-09-20,19901.400390625,19901.400390625,20050.650390625,19878.849609375,19980.75,378100.0,-0.011518249945432,-0.0115850988033336,0.0050634670567115,70.83389037678664,171.5763610512222,127.5141472234482,44.062213827774,152.08942522321428,0.4273310683276707,313150.0
2023-09-21,19742.349609375,19742.349609375,19848.75,19709.94921875,19840.55078125,275100.0,-0.0079919391664983,-0.0080240458900552,0.0054611295972542,67.51259866445056,146.54897316657662,131.3211124120739,15.227860754502728,154.01102120535714,-0.2724147051044697,315645.0
2023-09-22,19674.25,19674.25,19798.650390625,19657.5,19744.849609375,246400.0,-0.0034494176591149,-0.0034553806166447,0.0054802790282861,59.32339788630426,119.83809959551218,129.02450984876157,-9.186410253249392,149.46819196428572,-0.104325699745547,314550.0
2023-09-25,19674.55078125,19674.55078125,19734.150390625,19601.55078125,19678.19921875,188400.0,1.5288066889551644e-05,1.5287950028248088e-05,0.0052335258376327,56.132968651378086,97.5690945942988,122.733426797869,-25.16433220357021,150.91810825892858,-0.2353896103896103,300645.0
2023-09-26,19664.69921875,19664.69921875,19699.349609375,19637.44921875,19682.80078125,204900.0,-0.0005007261720755,-0.0005008515772894,0.0052388447165303,53.89751197389056,78.22409031022471,113.83155950034016,-35.60746919011545,150.9609375,0.0875796178343948,298480.0
2023-09-27,19716.44921875,19716.44921875,19730.69921875,19554.0,19637.05078125,203600.0,0.0026316191986632,0.0026281625519171,0.0052485312921665,54.51345908078124,66.3045104260018,104.32614968547249,-38.02163925947069,153.22879464285714,-0.0063445583211322,293290.0
2023-09-28,19523.55078125,19523.55078125,19766.650390625,19492.099609375,19761.80078125,352800.0,-0.0097836296667737,-0.0098318038412133,0.0057742354307485,41.82402571313781,40.82229173692758,91.62537809576352,-50.80308635883593,159.48604910714286,0.7328094302554027,299280.0
2023-09-29,19638.30078125,19638.30078125,19726.25,19551.05078125,19581.19921875,243500.0,0.0058775169171687,0.0058603116976752,0.0057528625872801,42.82788275866323,29.546225336805943,79.209547543972,-49.66332220716605,163.95744977678572,-0.3098072562358276,283325.0
2023-10-03,19528.75,19528.75,19623.19921875,19479.650390625,19622.400390625,221700.0,-0.0055784246544688,-0.0055940421731296,0.0055723413197775,30.50859324752298,11.635897597832807,65.69481755474416,-54.05891995691135,161.8466796875,-0.0895277207392196,277760.0
2023-10-04,19436.099609375,19436.099609375,19457.80078125,19333.599609375,19446.30078125,277100.0,-0.0047443072713306,-0.0047555972198833,0.0055707620551141,28.39027287645328,-9.919927633251064,50.57186851714512,-60.49179615039618,161.80747767857142,0.2498872350022554,276775.0
2023-10-05,19545.75,19545.75,19576.94921875,19487.30078125,19521.849609375,234900.0,0.0056415841052857,0.0056257299700197,0.0056977154912074,30.169861167751197,-17.948307378308527,36.86783333805439,-54.81614071636292,160.95382254464286,-0.152291591483219,275680.0
2023-10-06,19653.5,19653.5,19675.75,19589.400390625,19621.19921875,159100.0,0.0055127073660514,0.005497568008546,0.0058199101582757,33.90265017643134,-15.438367778242537,26.406593114795005,-41.84496089303754,161.36802455357142,-0.3226905065985526,269255.0
2023-10-09,19512.349609375,19512.349609375,19588.94921875,19480.5,19539.44921875,165100.0,-0.0071819467588469,-0.007207861089913,0.0058706501556401,26.52585958127355,-24.55581528926268,16.21411143398347,-40.76992672324615,165.2001953125,0.0377121307353864,262265.0
2023-10-10,19689.849609375,19689.849609375,19717.80078125,19565.44921875,19565.599609375,216600.0,0.0090968029762401,0.0090556762901256,0.0061520009007521,35.848990749524134,-17.25973211084056,9.519342725018664,-26.779074835859223,174.18596540178572,0.311932162325863,258690.0
2023-10-11,19811.349609375,19811.349609375,19839.19921875,19756.94921875,19767.0,213700.0,0.0061706921287072,0.0061517313687301,0.0059643175130877,46.90855889200004,-1.6544278301880695,7.284588613977318,-8.939016444165388,166.6787109375,-0.0133887349953831,256935.0
2023-10-12,19794.0,19794.0,19843.30078125,19772.650390625,19822.69921875,217900.0,-0.0008757409120068,-0.0008761245971014,0.0059646406178494,51.9642636963662,9.206789622799988,7.669028815741853,1.5377608070581354,158.05008370535714,0.0196537201684605,251425.0
2023-10-13,19751.05078125,19751.05078125,19805.400390625,19635.30078125,19654.55078125,255000.0,-0.002169809980297,-0.002172167428733,0.0058861705741752,52.97769417637473,14.185221292551432,8.972267311103769,5.212953981447663,160.11788504464286,0.1702615878843505,251605.0
2023-10-16,19731.75,19731.75,19781.30078125,19691.849609375,19737.25,181000.0,-0.0009772027556287,-0.0009776805295215,0.0058582559232605,52.18550934024274,16.384383540447743,10.454690556972563,5.929692983475178,157.03585379464286,-0.2901960784313725,246900.0
2023-10-17,19811.5,19811.5,19849.75,19775.650390625,19843.19921875,185800.0,0.0040417094276989,0.0040335636613206,0.0058397587168577,55.32465655603917,24.282480645888427,13.220248574755738,11.062232071132687,161.04296875,0.0265193370165746,234280.0
2023-10-18,19671.099609375,19671.099609375,19840.94921875,19659.94921875,19820.44921875,198900.0,-0.0070868127413371,-0.007112043473065,0.005986698906684,48.45450031350633,18.993693876403995,14.374937635085391,4.618756241318604,161.35016741071428,0.0705059203444564,230980.0
2023-10-19,19624.69921875,19624.69921875,19681.80078125,19512.349609375,19545.19921875,230300.0,-0.0023588102112444,-0.0023615965866002,0.0054801928086753,53.829487676249016,10.932149504289557,13.686380008926225,-2.75423050463667,153.84305245535714,0.1578682755153344,223590.0
2023-10-20,19542.650390625,19542.650390625,19593.80078125,19518.69921875,19542.150390625,198300.0,-0.0041808960845935,-0.0041896604678091,0.0052751932481281,46.28672294751081,-2.0536638514095102,10.53837123685908,-12.59203508826859,146.93596540178572,-0.1389491966999565,219750.0
2023-10-23,19281.75,19281.75,19556.849609375,19257.849609375,19521.599609375,176000.0,-0.0133503074255556,-0.013440223951969,0.0059839907915454,41.41944466307153,-33.0168973411819,1.827317521250884,-34.844214862432786,156.9609375,-0.1124558749369641,216230.0
2023-10-25,19122.150390625,19122.150390625,19347.30078125,19074.150390625,19286.44921875,225300.0,-0.008277236732921,-0.0083116832700098,0.0061942635216059,39.57844917012448,-69.63117279082508,-12.464380541164308,-57.166792249660766,162.53236607142858,0.2801136363636363,218075.0
2023-10-26,18857.25,18857.25,19041.69921875,18837.849609375,19027.25,300400.0,-0.0138530649123475,-0.013949914095014,0.0067832631730877,29.280770388203425,-118.65570838908025,-33.702646110747494,-84.95306227833275,172.77887834821428,0.3333333333333332,222850.0
2023-10-27,19047.25,19047.25,19076.150390625,18926.650390625,18928.75,205200.0,0.0100757003274603,0.0100252788637633,0.0072435689666953,32.61648745519713,-140.5563478647637,-55.07338646155073,-85.48296140321293,179.12890625,-0.3169107856191744,222930.0
2023-10-30,19140.900390625,19140.900390625,19158.5,18940.0,19053.400390625,180100.0,0.0049167407696648,0.0049046930738934,0.0071250109970079,39.05087048636698,-148.6425003629156,-73.7872092418237,-74.8552911210919,182.37890625,-0.1223196881091618,214295.0
2023-10-31,19079.599609375,19079.599609375,19233.69921875,19056.44921875,19232.94921875,206000.0,-0.0032026069828995,-0.0032077463043944,0.0069532773890907,30.688911798226428,-158.1739642106113,-90.66456023558123,-67.50940397503007,180.36453683035717,0.1438089950027763,212420.0
2023-11-01,18989.150390625,18989.150390625,19096.05078125,18973.69921875,19064.05078125,194100.0,-0.0047406245729368,-0.0047518969731957,0.0069293830762011,23.460322183666875,-171.05440531110798,-106.74252925068656,-64.31187606042141,178.43610491071428,-0.057766990291262,211040.0
2023-11-02,19133.25,19133.25,19175.25,19064.150390625,19120.0,245600.0,0.0075885232572669,0.0075598752540646,0.007158917113608,30.284947038639416,-167.7014555073838,-118.934314502026,-48.767141005357786,186.68247767857144,0.265327150953117,209465.0
2023-11-03,19230.599609375,19230.599609375,19276.25,19210.900390625,19241.0,189500.0,0.0050879808383312,0.0050750808020812,0.0071338868151894,34.95936611363038,-155.39759203002177,-126.22697000762516,-29.1706220223966,184.7467912946429,-0.2284201954397394,207195.0
2023-11-06,19411.75,19411.75,19423.0,19309.69921875,19345.849609375,180700.0,0.0094199033989916,0.0093758127789547,0.0073652641085372,41.54334038054969,-129.53615681094743,-126.88880736828963,-2.6473494426577986,192.1003069196429,-0.0464379947229551,208275.0
2023-11-07,19406.69921875,19406.69921875,19423.5,19329.099609375,19404.05078125,198700.0,-0.0002601919584787,-0.0002602258142791,0.0072001247357213,38.86258165333631,-108.20106439644952,-123.1512587739216,14.9501943774721,190.41462053571428,0.099612617598229,209955.0
2023-11-08,19443.5,19443.5,19464.400390625,19401.5,19449.599609375,195000.0,0.0018962926582819,0.0018944969651071,0.0068812951221505,43.35941373238434,-87.31680073099778,-115.98436716533686,28.66756643433908,181.9789341517857,-0.0186210367388022,208875.0
2023-11-09,19395.30078125,19395.30078125,19463.900390625,19378.349609375,19457.400390625,208400.0,-0.002478937369815,-0.002482015022314,0.0067024038433911,43.31394819294666,-73.80437456027721,-107.54836864432494,33.74399408404773,175.98604910714286,0.0687179487179487,208610.0
2023-11-10,19425.349609375,19425.349609375,19451.30078125,19329.44921875,19351.849609375,152200.0,0.0015492839458333,0.0015480850435944,0.0067274064716409,46.47427769011121,-59.97958287170332,-98.03461148980062,38.05502861809731,177.11830357142858,-0.2696737044145874,205325.0
2023-11-13,19443.55078125,19443.55078125,19494.400390625,19414.75,19486.75,189300.0,0.0009369804014345,0.0009365417093074,0.0067328471714567,55.69399958760052,-47.012720027418254,-87.83023319732415,40.81751316990589,161.45047433035714,0.2437582128777924,202040.0
2023-11-15,19675.44921875,19675.44921875,19693.19921875,19579.650390625,19651.400390625,291500.0,0.0119267535086042,0.0118561902899385,0.0073051656489234,68.5285303355148,-17.81871885280634,-73.82793032842059,56.00921147561425,159.77176339285714,0.5398837823560485,207565.0
2023-11-16,19765.19921875,19765.19921875,19875.25,19627.0,19674.69921875,282700.0,0.0045615222809993,0.0045511500683312,0.0073216483420544,84.44553120229997,12.416680572918269,-56.57900814815282,68.99568872107109,157.19670758928572,-0.030188679245283,212410.0
2023-11-17,19731.80078125,19731.80078125,19806.0,19667.44921875,19674.75,236800.0,-0.0016897597201204,-0.0016911889743673,0.0071476447181872,79.47225912783169,33.29962037286896,-38.60328244394847,71.90290281681743,151.45744977678572,-0.1623629288998939,214305.0
2023-11-20,19694.0,19694.0,19756.44921875,19670.5,19731.150390625,173800.0,-0.0019157289123818,-0.0019175662679732,0.0071400495094816,75.0158564702349,46.26596820333725,-21.62943231449132,67.89540051782858,141.98953683035714,-0.2660472972972972,211480.0
2023-11-21,19783.400390625,19783.400390625,19829.099609375,19754.05078125,19770.900390625,195000.0,0.004539473475424,0.0045292011413009,0.0071246546175158,81.0427944769315,63.02919532033047,-4.697706787526961,67.72690210785743,138.97879464285714,0.1219792865362485,211315.0
2023-11-22,19811.849609375,19811.849609375,19825.55078125,19703.849609375,19784.0,184500.0,0.0014380348265852,0.0014370018446946,0.006318432759017,88.38657232738791,77.7139497388307,11.784624517744572,65.92932522108613,138.93233816964286,-0.0538461538461538,211740.0
2023-11-23,19802.0,19802.0,19875.150390625,19786.75,19828.44921875,170000.0,-0.0004971574875239,-0.000497281111283,0.0059197584588252,85.67246344197599,87.54774633037232,26.93724888027013,60.610497450102194,131.95382254464286,-0.078590785907859,208975.0
2023-11-24,19794.69921875,19794.69921875,19832.849609375,19768.849609375,19809.599609375,145900.0,-0.0003686890844358,-0.0003687570669664,0.0046868557048524,83.28811457365663,93.67219420032052,40.28423794428021,53.38795625604031,126.31096540178572,-0.1417647058823529,201250.0
2023-11-28,19889.69921875,19889.69921875,19916.849609375,19800.0,19844.650390625,229600.0,0.0047992646389904,0.0047877848833909,0.0043723242857514,81.39658410912786,104.9814089793399,53.22367215129215,51.75773682804776,121.29310825892856,0.5736806031528443,202470.0
2023-11-29,20096.599609375,20096.599609375,20104.650390625,19956.30078125,19976.55078125,236200.0,0.0104023891135545,0.0103486565738691,0.0047121984706191,85.82044599486872,129.15041002154248,68.40901972534222,60.741390296200265,129.90387834821428,0.028745644599303,205275.0
2023-11-30,20133.150390625,20133.150390625,20158.69921875,20015.849609375,20108.5,486600.0,0.0018187545137213,0.0018171025823992,0.00452525624836,85.81676394273391,149.53016934210973,84.63324964869572,64.896919693414,135.61453683035714,1.0601185436071128,219305.0
2023-12-01,20267.900390625,20267.900390625,20291.55078125,20183.69921875,20194.099609375,265800.0,0.0066929416105065,0.0066706433156343,0.0042495152700746,91.58012884347993,174.54245747825917,102.6150912146084,71.92736626365075,140.81808035714286,-0.4537607891491985,222890.0
2023-12-04,20686.80078125,20686.80078125,20702.650390625,20507.75,20601.94921875,381100.0,0.0206681690037693,0.0204574804837739,0.005705674470017,93.85671971784504,225.56644706523,127.20536238473274,98.36108468049729,163.16796875,0.4337848006019564,229665.0
2023-12-05,20855.099609375,20855.099609375,20864.05078125,20711.150390625,20808.900390625,421000.0,0.0081355657602475,0.0081026504477443,0.0057785599152186,94.43729148297491,276.3974970243653,157.04378931265927,119.35370771170602,170.13936941964286,0.1046969299396483,241240.0
2023-12-06,20937.69921875,20937.69921875,20961.94921875,20852.150390625,20950.75,359200.0,0.0039606432442005,0.0039528205452235,0.0056402646390315,93.86013014053766,319.66170731828606,189.56737291378465,130.0943344045014,160.15011160714286,-0.146793349168646,250165.0
2023-12-07,20901.150390625,20901.150390625,20941.25,20850.80078125,20932.400390625,275000.0,-0.001745599062397,-0.0017471243957791,0.0057060193482196,90.9869302878212,346.99972388254173,221.05384310753607,125.94588077500566,148.87862723214286,-0.2344097995545657,253980.0
2023-12-08,20969.400390625,20969.400390625,21006.099609375,20862.69921875,20934.099609375,292400.0,0.0032653705047074,0.0032600507599202,0.0056910364620559,93.5590577812241,369.9084294655622,250.8247603791413,119.08366908642093,149.22502790178572,0.0632727272727273,258850.0
2023-12-11,20997.099609375,20997.099609375,21026.099609375,20923.69921875,20965.30078125,212900.0,0.0013209351833629,0.0013200635160099,0.0055315794639524,96.192889535085,385.8509891307149,277.830006129456,108.02098300125886,150.40011160714286,-0.2718878248974008,259075.0
2023-12-12,20906.400390625,20906.400390625,21037.900390625,20867.150390625,21018.55078125,244900.0,-0.0043196070141755,-0.0043289634704181,0.0058162152443031,89.77201040340877,386.7091709722881,299.60583909802244,87.10333187426568,152.94656808035714,0.1503053076561766,263710.0
2023-12-13,20926.349609375,20926.349609375,20950.0,20769.5,20929.75,260300.0,0.0009542158562574,0.0009537608817135,0.0058157861133467,89.71005778802152,384.5659842131572,316.59786812104943,67.96811609210778,157.146484375,0.0628828093099225,267260.0
2023-12-14,21182.69921875,21182.69921875,21210.900390625,21074.44921875,21110.400390625,334400.0,0.0122500872899569,0.0121756621637251,0.0058402639815015,91.8445215793611,398.953872437909,333.0690689844214,65.88480345348762,171.1572265625,0.2846715328467153,269405.0
2023-12-15,21456.650390625,21456.650390625,21492.30078125,21235.30078125,21287.44921875,508800.0,0.0129327792008919,0.0128498649215015,0.0061935295722706,93.3602114100697,427.53360629703457,351.96197644694405,75.57162985009052,188.7001953125,0.5215311004784688,280710.0
2023-12-18,21418.650390625,21418.650390625,21482.80078125,21365.349609375,21434.80078125,249700.0,-0.0017710126840955,-0.0017725827811074,0.0061975747464604,91.1130554799866,442.0216187929691,369.9739049161491,72.04771387682001,188.36453683035717,-0.5092374213836478,281355.0
2023-12-19,21453.099609375,21453.099609375,21505.05078125,21337.75,21477.650390625,249800.0,0.0016083748565725,0.0016070828069474,0.0060653863323697,90.20459813231264,451.0834281553907,386.1958095639974,64.88761859139333,184.9609375,0.0004004805766919,285155.0
2023-12-20,21150.150390625,21150.150390625,21593.0,21087.349609375,21543.5,363900.0,-0.0141214660942333,-0.0142221227330497,0.0073306470685956,76.03160763814594,428.8756952124968,394.7317866936973,34.14390851879949,210.87527901785717,0.4567654123298639,293600.0
2023-12-21,21255.05078125,21255.05078125,21288.349609375,20976.80078125,21033.94921875,277500.0,0.0049597940765233,0.0049475348167753,0.0073240616738123,75.6596656360581,414.9571242647871,398.7768542079153,16.180270056871848,221.814453125,-0.2374278647980214,298250.0
2023-12-22,21349.400390625,21349.400390625,21390.5,21232.44921875,21295.849609375,284700.0,0.0044389265566107,0.0044291035803757,0.0072635171472106,70.71926320868221,406.8498694352129,400.3914572533748,6.458412181838071,202.0502232142857,0.0259459459459459,303985.0
2023-12-26,21441.349609375,21441.349609375,21477.150390625,21329.44921875,21365.19921875,219500.0,0.0043068759341071,0.0042976278879013,0.0071974268149889,69.25104605730675,403.1965462703338,400.9524750567666,2.2440712135671674,199.93959263392856,-0.2290129961362838,307665.0
2023-12-27,21654.75,21654.75,21675.75,21495.80078125,21497.650390625,256500.0,0.0099527499207277,0.0099035475021389,0.0073177409979953,71.68353485383267,412.7628165896385,403.314543363341,9.448273226297488,208.83970424107144,0.1685649202733485,309010.0
2023-12-28,21778.69921875,21778.69921875,21801.44921875,21678.0,21715.0,393100.0,0.0057238813077962,0.0057075621422148,0.0071854968509309,75.20466996442327,425.4415949271024,407.7399536760933,17.701641251009107,212.85756138392856,0.5325536062378167,316855.0
2023-12-29,21731.400390625,21731.400390625,21770.30078125,21676.900390625,21737.650390625,270900.0,-0.0021717930740454,-0.0021741548367498,0.0073051707909458,72.15252116204437,426.75364756412455,411.54269245369954,15.210955110425004,209.88602120535717,-0.3108623759857543,306070.0
2024-01-01,21741.900390625,21741.900390625,21834.349609375,21680.849609375,21727.75,154000.0,0.0004831718072126,0.000483055117301,0.0073100364150029,71.87122897978848,423.75592643855634,413.98533925067096,9.770587187885384,213.53599330357144,-0.4315245478036176,300480.0
2024-01-02,21665.80078125,21665.80078125,21755.599609375,21555.650390625,21751.349609375,263700.0,-0.003500136051024,-0.003506275858172,0.0062507157439675,72.49281214386126,410.5075330545478,413.2897780114464,-2.7822449568985235,215.62165178571428,0.7123376623376623,294610.0
2024-01-03,21517.349609375,21517.349609375,21677.0,21500.349609375,21661.099609375,311900.0,-0.0068518663756694,-0.0068754481934599,0.0064147198130454,66.26667297424572,383.60733041830827,407.3532884928188,-23.745958074510497,215.3466796875,0.1827834660599165,289155.0
2024-01-04,21658.599609375,21658.599609375,21685.650390625,21564.55078125,21605.80078125,339200.0,0.0065644701863494,0.0065430178827624,0.0064914623547271,63.98474689697842,369.4278858409889,399.7682079624528,-30.34032212146394,207.04310825892856,0.0875280538634177,288155.0
2024-01-05,21710.80078125,21710.80078125,21749.599609375,21629.19921875,21705.75,309300.0,0.0024101822286055,0.002407282397897,0.0064412112352568,58.5876237904732,358.2728260414806,391.4691315782584,-33.1963055367778,193.5287388392857,-0.0881485849056603,289870.0
2024-01-08,21513.0,21513.0,21763.94921875,21492.900390625,21747.599609375,231500.0,-0.009110708685643,-0.0091524650052922,0.0068845649581675,52.87730404110316,329.67124591603715,379.1095544458142,-49.43830852977703,204.5,-0.251535725832525,286825.0
2024-01-09,21544.849609375,21544.849609375,21724.44921875,21517.849609375,21653.599609375,228600.0,0.0014804820050666,0.0014793871720368,0.0068846792776113,52.80246934202583,306.04637282298427,364.4969181212482,-58.45054529826393,207.65345982142856,-0.0125269978401727,287610.0
2024-01-10,21618.69921875,21618.69921875,21641.849609375,21448.650390625,21529.30078125,217000.0,0.0034277152411805,0.0034218540152167,0.0067681666964439,66.6405852231975,289.940285844692,349.58559166593693,-59.64530582124496,185.33551897321428,-0.0507436570428696,286215.0
2024-01-11,21647.19921875,21647.19921875,21726.5,21593.75,21688.0,212500.0,0.0013183031833516,0.001317434984659,0.0067665493430745,64.72637604114408,276.2908982025001,334.9266529732496,-58.635754770749486,172.56417410714286,-0.02073732718894,283825.0
2024-01-12,21894.55078125,21894.55078125,21928.25,21715.150390625,21773.55078125,294700.0,0.0114264926377058,0.0113617033464997,0.0067012616935922,68.3620182648522,282.1800678765394,324.3773359539076,-42.197268077368165,181.34988839285717,0.3868235294117648,281840.0
2024-01-15,22097.44921875,22097.44921875,22115.55078125,21963.55078125,22053.150390625,345500.0,0.0092670746948486,0.0092243988092869,0.0064214444957649,70.5622241673757,299.76399277356177,319.45466731783847,-19.690674544276703,186.58551897321428,0.172378690193417,273675.0
2024-01-16,22032.30078125,22032.30078125,22124.150390625,21969.80078125,22080.5,292400.0,-0.0029482333845447,-0.0029525879856159,0.0064582193451549,63.04464599022863,304.92743187779706,316.5492202298302,-11.62178835203315,180.8676060267857,-0.1536903039073806,275810.0
2024-01-17,21571.94921875,21571.94921875,21851.5,21550.44921875,21647.25,456000.0,-0.0208943935120824,-0.0211157704737447,0.00816164333445,44.203977756800974,268.77470331983204,306.9943168478306,-38.21961352799855,204.8070591517857,0.5595075239398084,286120.0
2024-01-18,21462.25,21462.25,21539.400390625,21285.55078125,21414.19921875,387300.0,-0.0050852715087356,-0.0050982455047793,0.0075478469770005,42.709709912001244,228.63602157704008,291.32265779367253,-62.68663621663245,217.99274553571428,-0.1506578947368421,287290.0
2024-01-19,21622.400390625,21622.400390625,21670.599609375,21575.0,21615.19921875,343100.0,0.0074619571864553,0.0074342545093672,0.007641284597863,47.00591535290503,207.35832747995664,274.5297917309294,-67.17146425097275,221.9105747767857,-0.1141234185386005,290570.0
2024-01-23,21238.80078125,21238.80078125,21750.25,21192.599609375,21716.69921875,449700.0,-0.0177408429427344,-0.0179000980548101,0.0086422756290318,40.72989209523842,157.7241729240668,251.1686679695569,-93.4444950454901,247.4606584821429,0.3106965899154765,298820.0
2024-01-24,21453.94921875,21453.94921875,21482.349609375,21137.19921875,21185.25,407500.0,0.0101299710711508,0.0100790068029252,0.0088972793794358,48.662325470994446,134.20242664324903,227.77541970429533,-93.57299306104628,259.4963727678572,-0.0938403380031132,308220.0
2024-01-25,21352.599609375,21352.599609375,21459.0,21247.05078125,21454.599609375,418100.0,-0.0047240537554001,-0.0047352473640612,0.0086405727403149,43.43319015380901,106.15946653983336,203.45222907140297,-97.2927625315696,262.61411830357144,0.0260122699386502,316300.0
2024-01-29,21737.599609375,21737.599609375,21763.25,21429.599609375,21433.099609375,376700.0,0.0180305914522447,0.0178699682193025,0.009513719665921,50.50322709364989,113.6909426236016,185.4999717818427,-71.80902915824112,283.3462611607143,-0.0990193733556565,315480.0
2024-01-30,21522.099609375,21522.099609375,21813.05078125,21501.80078125,21775.75,375100.0,-0.0099136981024832,-0.0099631660190465,0.0097588805423737,50.16974371940952,101.10516528041262,168.62101048155668,-67.51584520114406,286.2177734375,-0.0042474117334748,320690.0
2024-01-31,21725.69921875,21725.69921875,21741.349609375,21448.849609375,21487.25,410600.0,0.0094600254190029,0.009415559590485,0.0100067879252417,53.17041236075626,106.33388218070468,156.16358482138628,-49.8297026406816,292.0071149553572,0.0946414289522794,333520.0
2024-02-01,21697.44921875,21697.44921875,21832.94921875,21658.75,21780.650390625,332500.0,-0.0013003033741542,-0.0013011495021482,0.0099782194129261,51.40296961902695,106.96511186405404,146.32389022991984,-39.35877836586579,290.6499720982143,-0.1902094495859717,336960.0
2024-02-02,21853.80078125,21853.80078125,22126.80078125,21805.55078125,21812.75,442800.0,0.0072059881750932,0.0071801490987671,0.009956337409244,53.52033929441459,118.7131787172366,140.8017479273832,-22.0885692101466,311.83579799107144,0.3317293233082707,343505.0
2024-02-05,21771.69921875,21771.69921875,21964.30078125,21726.94921875,21921.05078125,440800.0,-0.0037568550808078,-0.0037639297855089,0.0099104795022993,47.78178083853621,120.01523546867612,136.6444454356418,-16.629209966965675,308.7144252232143,-0.0045167118337849,348585.0
2024-02-06,21929.400390625,21929.400390625,21951.400390625,21737.55078125,21825.19921875,371000.0,0.0072434021015312,0.0072172946598549,0.0100227494797605,46.91534800880213,132.24782087400672,135.76512052331478,-3.517299649308057,308.2036830357143,-0.1583484573502722,351670.0
2024-02-07,21930.5,21930.5,22053.30078125,21860.150390625,22045.05078125,346300.0,5.014315737827957e-05,5.014190025218764e-05,0.0097640576683243,48.086381225814506,140.4123757613852,136.69457157092887,3.71780419045632,310.9751674107143,-0.0665768194070081,357410.0
2024-02-08,21717.94921875,21717.94921875,22011.05078125,21665.30078125,22009.650390625,491100.0,-0.0096920171108729,-0.0097392904057516,0.0100509268599188,53.02640656326012,128.25334788669352,135.0063268340818,-6.752978947388272,301.25362723214283,0.4181345654057176,370535.0
2024-02-09,21782.5,21782.5,21804.44921875,21629.900390625,21727.0,349200.0,0.0029722318898448,0.00296782354157,0.0100443344273318,56.7650262402218,122.41481745340208,132.48802495794584,-10.073207504543774,293.26436941964283,-0.2889431887599267,377145.0
2024-02-12,21616.05078125,21616.05078125,21831.69921875,21574.75,21800.80078125,287400.0,-0.0076414194307357,-0.0076707646646054,0.0102010039410458,49.86622555252427,103.16742923696438,126.62390581374956,-23.456476576785175,296.7357700892857,-0.1769759450171821,380890.0
2024-02-13,21743.25,21743.25,21766.80078125,21543.349609375,21664.30078125,365800.0,0.0058844800115076,0.0058672340814856,0.0099457128281163,61.9150824669597,97.05881570001657,120.71088779100296,-23.652072090986408,272.86439732142856,0.2727905358385525,384445.0
2024-02-14,21840.05078125,21840.05078125,21870.849609375,21530.19921875,21578.150390625,359100.0,0.0044519922849619,0.0044421114826255,0.0097584628784011,59.659765019536096,98.8887811972818,116.34646647225875,-17.457685274976967,272.54296875,-0.0183160196828868,385125.0
2024-02-15,21910.75,21910.75,21953.849609375,21794.80078125,21906.55078125,345400.0,0.0032371361888359,0.003231907943473,0.0097761322868398,64.18170575688731,104.8354008894712,114.04425335570126,-9.208852466230056,268.76436941964283,-0.038150932887775,387775.0
2024-02-16,22040.69921875,22040.69921875,22068.650390625,21968.94921875,22020.30078125,343900.0,0.0059308430222606,0.00591332480386,0.0085560006953136,58.84805947853653,118.66604743304924,114.96861217117086,3.697435261878383,250.71079799107144,-0.0043427909669947,382170.0
2024-02-19,22122.25,22122.25,22186.650390625,22021.05078125,22103.44921875,0.0,0.0037000088082788,0.0036931806134258,0.0084459947869051,69.0058920819968,134.6551798682376,118.9059257105842,15.749254157653397,240.30719866071428,-1.0,362805.0
2024-02-21,22055.05078125,22055.05078125,22249.400390625,21997.94921875,22248.849609375,364500.0,-0.00639270001033,-0.0064132208193745,0.0072984033930387,61.43518819232441,151.84048593711125,130.72495492263107,21.115531014480155,237.0573381696429,0.2326682448427459,356175.0
2024-02-22,22217.44921875,22217.44921875,22252.5,21875.25,22081.55078125,343500.0,0.0073633218581414,0.0073363449492495,0.0071593506415192,61.583754323967845,163.24816966420258,137.22959787094538,26.018571793257195,233.33579799107144,-0.0576131687242797,352975.0
2024-02-23,22212.69921875,22212.69921875,22297.5,22186.099609375,22290.0,226000.0,-0.0002137959201901,-0.0002138187777958,0.007013433108853,64.77588030196739,169.94651822914238,143.77298194258478,26.173536286557606,224.3392857142857,-0.3420669577874817,343370.0
2024-02-26,22122.05078125,22122.05078125,22202.150390625,22075.150390625,22169.19921875,207800.0,-0.0040809285088362,-0.004089278221713,0.0060267811199606,56.75850491623557,166.02658527313542,148.2237026086949,17.802882664440517,218.88922991071428,-0.0805309734513274,334925.0
2024-02-27,22198.349609375,22198.349609375,22218.25,22085.650390625,22090.19921875,252200.0,0.0034489943486464,0.0034430602082678,0.0054815829216651,58.92568212260178,167.14988807514965,152.00893970198587,15.14094837316378,214.5641741071429,0.2136669874879693,328780.0
2024-02-28,21951.150390625,21951.150390625,22229.150390625,21915.849609375,22214.099609375,203000.0,-0.0111359278099485,-0.0111983964511737,0.0058425436601118,57.59567513648792,146.4055307909657,150.88825791978184,-4.482727128816123,212.24637276785717,-0.1950832672482156,318400.0
2024-02-29,21982.80078125,21982.80078125,22060.55078125,21860.650390625,21935.19921875,360200.0,0.0014418556686905,0.0014408171929075,0.0058294283229757,56.66695270711279,131.0092076034598,146.91244785651745,-15.903240253057646,214.05719866071428,0.7743842364532019,319785.0
2024-03-01,22338.75,22338.75,22353.30078125,22047.75,22048.30078125,351500.0,0.0161921687000685,0.0160624736924449,0.0066485035403134,71.36025566128575,145.84838828158536,146.69963594153103,-0.8512476599456704,222.16796875,-0.0241532481954469,315220.0
2024-03-04,22405.599609375,22405.599609375,22440.900390625,22358.30078125,22403.5,298800.0,0.0029925402887358,0.0029880715530739,0.0065586750011244,70.30076133167793,161.1451694663665,149.58874264649813,11.556426819868364,213.5036272321429,-0.1499288762446656,308120.0
2024-03-05,22356.30078125,22356.30078125,22416.900390625,22269.150390625,22371.25,296200.0,-0.0022002905070378,-0.0022027147028049,0.0064593135270852,66.29741801348088,167.3607448522671,153.14314308765194,14.217601764615154,199.7250279017857,-0.0087014725568942,304380.0
2024-03-06,22474.05078125,22474.05078125,22497.19921875,22224.349609375,22327.5,312300.0,0.0052669715420341,0.0052531495595052,0.0065246097858011,67.26972896327734,179.71641508506582,158.4577974871347,21.258617597931107,207.85365513392856,0.0543551654287643,302680.0
2024-03-07,22493.55078125,22493.55078125,22525.650390625,22430.0,22505.30078125,379900.0,0.000867667346212,0.0008672911404987,0.0059990638504295,64.89210832586137,188.9042887422729,164.54709573816237,24.357193004110545,203.4072265625,0.2164585334614153,297120.0
2024-03-11,22332.650390625,22332.650390625,22526.599609375,22307.25,22517.5,277900.0,-0.0071531788017711,-0.0071788854481033,0.0063116463626088,56.57587111597829,181.11465103077356,167.8606067966846,13.254044234088925,207.2465122767857,-0.2684917083443011,293555.0
2024-03-12,22335.69921875,22335.69921875,22452.55078125,22256.0,22334.44921875,299200.0,0.000136518866846,0.0001365095489935,0.0059639123293598,54.53983088107484,173.19088525502593,168.9266624883529,4.264222766673044,209.1608537946429,0.0766462756387189,294145.0
2024-03-13,21997.69921875,21997.69921875,22446.75,21905.650390625,22432.19921875,493300.0,-0.0151327252704165,-0.0152483933565969,0.0069497442274901,48.336905252760495,138.04615839077815,162.75056166883795,-24.7044032780598,229.8500279017857,0.6487299465240641,300520.0
2024-03-14,22146.650390625,22146.650390625,22204.599609375,21917.5,21982.55078125,426700.0,0.0067712159528048,0.0067483942326731,0.0070361268782735,47.93082071907818,120.82008514653351,154.36446636437708,-33.54438121784355,223.41071428571428,-0.135009122237989,303900.0
2024-03-15,22023.349609375,22023.349609375,22120.900390625,21931.69921875,22064.849609375,661500.0,-0.0055674686273187,-0.0055830247464483,0.0071449989062989,44.82466301881756,96.11104709025676,142.71378250955303,-46.602735419296266,230.80719866071428,0.5502695101945161,319705.0
2024-03-18,22055.69921875,22055.69921875,22123.69921875,21916.55078125,21990.099609375,356300.0,0.0014688778023679,0.0014678000566242,0.0070279905273245,48.12677000714619,78.23742717191635,129.81851144202568,-51.58108427010933,235.77859933035717,-0.4613756613756613,320325.0
2024-03-19,21817.44921875,21817.44921875,21978.30078125,21793.099609375,21946.44921875,344200.0,-0.0108021966402886,-0.0108609639603587,0.0073721006489436,40.14741915438595,44.3365861855018,112.72212639072092,-68.38554020521912,245.06431361607144,-0.0339601459444288,337535.0
2024-03-20,21839.099609375,21839.099609375,21930.900390625,21710.19921875,21843.900390625,312400.0,0.0009923428906801,0.0009918508439663,0.0073223685784214,46.7187668008062,18.997934679780883,93.97728804853293,-74.97935336875203,238.45005580357144,-0.0923881464264961,338370.0
2024-03-21,22011.94921875,22011.94921875,22080.94921875,21941.30078125,21989.900390625,353200.0,0.0079146856998078,0.0078835288646751,0.0074437549902565,50.78837157213673,12.71778698664275,77.7253878361549,-65.00760084951214,241.44642857142856,0.1306017925736236,337805.0
2024-03-22,22096.75,22096.75,22180.69921875,21883.30078125,21932.19921875,388700.0,0.0038524885010076,0.0038450866714008,0.0072991900008647,42.32963549920761,14.417245993598044,65.06375946764352,-50.64651347404548,236.22488839285717,0.1005096262740656,340065.0
2024-03-26,22004.69921875,22004.69921875,22073.19921875,21947.55078125,21947.900390625,328400.0,-0.0041658063402989,-0.0041745074847941,0.0073515493071859,37.4929775537636,8.241349605956202,53.69927749530606,-45.45792788934986,239.58551897321428,-0.1551324929251351,345185.0
2024-03-27,22123.650390625,22123.650390625,22193.599609375,22052.849609375,22053.94921875,409100.0,0.0054057167831516,0.0053911583385007,0.0074103908253024,43.04422215604178,12.7977482027527,45.5189716367954,-32.7212234340427,242.5248325892857,0.2457369062119365,355250.0
2024-03-28,22326.900390625,22326.900390625,22516.0,22163.599609375,22163.599609375,410500.0,0.0091870010785439,0.0091450572802347,0.0076567206330305,45.81448655086937,32.435408092522266,42.90225892794078,-10.466850835418512,251.060546875,0.0034221461745294,363165.0
2024-04-01,22462.0,22462.0,22529.94921875,22427.75,22455.0,0.0,0.0060509791780918,0.0060327455209344,0.0072577888588322,49.15795114302633,58.2285815962714,45.9675234616069,12.261058134664497,258.7318638392857,-1.0,353015.0
2024-04-03,22434.650390625,22434.650390625,22521.099609375,22346.5,22385.69921875,309600.0,-0.0008306302403686,-0.000830975404816,0.0063410854444706,52.84857562784714,89.48234622018572,59.64838506969312,29.8339611504926,249.3138950892857,0.0694300518134714,347385.0
2024-04-04,22514.650390625,22514.650390625,22619.0,22303.80078125,22592.099609375,401000.0,0.0035659124883635,0.0035595696965144,0.0063554962011425,67.47810606030589,104.56179439138576,68.63106693403165,35.93072745735412,233.1781529017857,0.295219638242894,352495.0
2024-04-05,22513.69921875,22513.69921875,22537.599609375,22427.599609375,22486.400390625,242200.0,-4.224679746289706e-05,-4.22476898839797e-05,0.0063297583288113,63.78997852940357,115.10871250254058,77.92659604773344,37.18211645480714,220.52818080357144,-0.3960099750623441,349795.0
2024-04-08,22666.30078125,22666.30078125,22697.30078125,22550.349609375,22578.349609375,227600.0,0.0067781647528144,0.0067552962734934,0.0063999227169804,73.6352292292206,134.23353125056383,89.18798308829952,45.04554816226431,218.28892299107144,-0.060280759702725,345560.0
2024-04-09,22642.75,22642.75,22768.400390625,22612.25,22765.099609375,232400.0,-0.0010390218270411,-0.0010395619844089,0.006407499790355,71.72081272564873,145.80894195057772,100.51217486075517,45.29676708982255,214.6462053571429,0.0210896309314587,338185.0
2024-04-10,22753.80078125,22753.80078125,22775.69921875,22673.69921875,22720.25,276800.0,0.0049044741142307,0.0048924863608352,0.006229121670602,88.24477318561254,162.07510733434174,112.82476135547248,49.25034597886926,205.3854631696429,0.1910499139414803,338130.0
2024-04-12,22519.400390625,22519.400390625,22726.44921875,22503.75,22677.400390625,357200.0,-0.0103015928142499,-0.0103550214717636,0.0067191389178316,73.67241360561971,154.27363757279454,121.1145365989369,33.15910097385765,207.4818638392857,0.2904624277456646,341030.0
2024-04-15,22272.5,22272.5,22427.44921875,22259.55078125,22339.05078125,355500.0,-0.010963897188301,-0.0110244436660376,0.006259870970763,58.6220446995256,126.7075131505262,122.23313190925477,4.474381241271445,208.767578125,-0.0047592385218364,334140.0
2024-04-16,22147.900390625,22147.900390625,22213.75,22079.44921875,22125.30078125,317300.0,-0.005594325260972,-0.0056100321053902,0.0062329900365499,51.64920836235354,93.72659197894971,116.53182392319376,-22.80523194424404,201.3141741071429,-0.1074542897327707,328670.0
2024-04-18,21995.849609375,21995.849609375,22326.5,21961.69921875,22212.349609375,456900.0,-0.0068652458503182,-0.0068889200657005,0.0063006228642465,49.72529637798636,54.68932256271,104.16332365109704,-49.47400108838703,216.7142857142857,0.4399621809013552,318440.0
2024-04-19,22147.0,22147.0,22179.55078125,21777.650390625,21861.5,362500.0,0.0068717686886063,0.0068482656961372,0.0064820971327712,50.710597924614206,35.538908197417186,90.43844056036106,-54.89953236294387,231.92857142857144,-0.2066097614357627,318750.0
2024-04-22,22336.400390625,22336.400390625,22375.650390625,22198.150390625,22336.900390625,279300.0,0.0085519659829773,0.0085156050796275,0.0061869286992737,50.291571054859,35.23888356566749,79.39852916142235,-44.15964559575485,220.2357700892857,-0.2295172413793104,315505.0
2024-04-23,22368.0,22368.0,22447.55078125,22349.44921875,22447.05078125,231500.0,0.0014147135985376,0.0014137138340638,0.0061869240160218,46.91925593066277,37.123005373374326,70.94342440381274,-33.820419030438416,213.6715959821429,-0.1711421410669531,311460.0
2024-04-24,22402.400390625,22402.400390625,22476.44921875,22384.0,22421.55078125,235900.0,0.0015379287654238,0.0015367473640989,0.0059845101613809,48.3594349017776,40.92030569567214,64.93880066218463,-24.01849496651249,213.60016741071428,0.0190064794816413,305595.0
2024-04-25,22570.349609375,22570.349609375,22625.94921875,22305.25,22316.900390625,475000.0,0.0074969296067168,0.0074689672972998,0.0061328974611034,53.98973251714119,56.826728746527806,63.31638627905327,-6.489657532525463,224.0358537946429,1.013565069944892,309910.0
2024-04-26,22419.94921875,22419.94921875,22620.400390625,22385.55078125,22620.400390625,329900.0,-0.0066636269808832,-0.0066859280691195,0.0062692373177237,47.32634504358951,56.64367600150581,61.98184422354378,-5.338168222037972,218.2965959821429,-0.3054736842105263,309985.0
2024-04-29,22643.400390625,22643.400390625,22655.80078125,22441.900390625,22475.55078125,292000.0,0.0099666225688024,0.0099172833455234,0.006517724585753,53.25309231635928,73.6799113394336,64.32145764672175,9.358453692711848,227.28599330357144,-0.1148832979690815,304130.0
2024-04-30,22604.849609375,22604.849609375,22783.349609375,22568.400390625,22679.650390625,361900.0,-0.0017025173156396,-0.0017039682453004,0.0062636954003298,48.36518646840164,83.11245606186276,68.07965732974995,15.03279873211281,229.5251116071429,0.2393835616438355,301700.0
2024-05-02,22648.19921875,22648.19921875,22710.5,22567.849609375,22567.849609375,445900.0,0.001917712797214,0.0019158763335262,0.0061426992614486,50.143456826179694,93.01356442915494,73.06643874963095,19.947125679523992,228.56082589285717,0.2321083172147002,323995.0
2024-05-03,22475.849609375,22475.849609375,22794.69921875,22348.05078125,22766.349609375,438100.0,-0.0076098592965534,-0.0076389620148829,0.0064002337408724,42.91140791569661,85.96217263653307,75.64558552701138,10.316587109521691,250.96791294642856,-0.0174927113702624,331425.0
2024-05-06,22442.69921875,22442.69921875,22588.80078125,22409.44921875,22561.599609375,320300.0,-0.0014749338156797,-0.0014760226012829,0.0064066221493299,47.82012582666029,76.81347642281253,75.87916370617161,0.9343127166409176,245.91796875,-0.2688883816480255,331960.0
2024-05-07,22302.5,22302.5,22499.05078125,22232.05078125,22489.75,297800.0,-0.006246985595782,-0.006266579655461,0.0064972897276834,50.90765979776205,57.58634397419519,72.22059975977633,-14.634255785581146,246.4287109375,-0.0702466437714642,326800.0
2024-05-08,22302.5,22302.5,22368.650390625,22185.19921875,22231.19921875,277400.0,0.0,0.0,0.0064974372302131,55.058881274949286,41.86609668283927,66.14969914438892,-24.28360246154965,245.74302455357144,-0.0685023505708529,328560.0
2024-05-09,21957.5,21957.5,22307.75,21932.400390625,22224.80078125,331300.0,-0.0154691178119045,-0.015590012996666,0.0070734836327454,48.885801933206,1.5511895835370524,53.229997232218544,-51.67880764868149,246.4965122767857,0.1943042537851478,333745.0
2024-05-10,22055.19921875,22055.19921875,22131.30078125,21950.30078125,21990.94921875,265800.0,0.004449469144939,0.00443959952266,0.0072002311462148,47.24735288605697,-22.2585713442204,38.13228351693076,-60.39085486115116,230.71791294642856,-0.197706006640507,335415.0
2024-05-13,22104.05078125,22104.05078125,22131.650390625,21821.05078125,22027.94921875,278200.0,0.0022149680905385,0.0022125186649836,0.0071029278703852,42.3917144943905,-36.76229276802769,23.15336825993907,-59.91566102796676,236.57142857142856,0.0466516177577125,335485.0
2024-05-14,22217.849609375,22217.849609375,22270.05078125,22081.25,22112.900390625,230200.0,0.0051483245877055,0.0051351172756336,0.0069244550853945,45.33448236100912,-38.62869457137276,10.796955693676706,-49.42565026504947,242.1178850446429,-0.1725377426312005,329135.0
2024-05-15,22200.55078125,22200.55078125,22297.55078125,22151.75,22255.599609375,231900.0,-0.0007786004689536,-0.0007789037357247,0.0064867760770375,43.66069665046882,-41.030725640132005,0.4314194269149638,-41.46214506704697,244.7858537946429,0.0073848827106863,322955.0
2024-05-16,22403.849609375,22403.849609375,22432.25,22054.55078125,22319.19921875,368900.0,0.0091573776762647,0.0091157031198713,0.0066702374801308,44.88447339743743,-26.227501861925703,-4.90036483085317,-21.32713703107253,248.85728236607144,0.5907718844329453,325535.0
2024-05-17,22466.099609375,22466.099609375,22502.150390625,22345.650390625,22415.25,242700.0,0.002778540343975,0.0027746873362616,0.0064473391079815,51.49912129882818,-9.364833638406708,-5.793258592363878,-3.57157504604283,243.26088169642856,-0.3420981295744104,314825.0
2024-05-21,22529.05078125,22529.05078125,22591.099609375,22404.55078125,22404.55078125,347600.0,0.0028020516676037,0.0027981332388829,0.0063177785718183,45.85313612468286,8.97512621493297,-2.839581630904508,11.81470784583748,239.7392578125,0.4322208487845076,314080.0
2024-05-22,22597.80078125,22597.80078125,22629.5,22483.150390625,22576.599609375,290300.0,0.00305161547495,0.0030469687473969,0.0060812757518799,49.74985479240512,28.72609047364313,3.473552790005019,25.252537683638103,234.8392857142857,-0.1648446490218642,314630.0
2024-05-23,22967.650390625,22967.650390625,22993.599609375,22577.44921875,22614.099609375,369800.0,0.016366619608483,0.0162341301383458,0.0070315640878172,59.203713019765935,73.37680235897642,17.4542027037993,55.92259965517712,254.375,0.2738546331381331,321545.0
2024-05-24,22957.099609375,22957.099609375,23026.400390625,22908.0,22930.75,261900.0,-0.0004593757337192,-0.0004594812790761,0.0070428857657017,65.29089943254877,106.6816931966714,35.29970080237372,71.38199239429768,230.9287109375,-0.2917793401838832,322845.0
2024-05-27,22932.44921875,22932.44921875,23110.80078125,22871.19921875,23038.94921875,260000.0,-0.0010737589261899,-0.0010743358183047,0.0069019390650693,65.6454809098578,129.59310992054088,54.15838262600715,75.43472729453373,235.23228236607144,-0.0072546773577701,312095.0
2024-05-28,22888.150390625,22888.150390625,22998.55078125,22858.5,22977.150390625,217900.0,-0.0019317094176221,-0.0019335775744709,0.0067103934629288,69.93027630258356,142.5329958803195,71.83330527686962,70.69969060344988,226.1644810267857,-0.1619230769230769,306495.0
2024-05-29,22704.69921875,22704.69921875,22825.5,22685.44921875,22762.75,269900.0,-0.008015115627261,-0.0080474093408375,0.0066580092253362,62.16794968458323,136.4124940082911,84.74914302315392,51.66335098513719,227.5394810267857,0.2386415787058284,305390.0
2024-05-30,22488.650390625,22488.650390625,22705.75,22417.0,22617.44921875,373400.0,-0.0095155996581792,-0.0095611622438567,0.0069935679733278,67.42907535515197,112.8280063207094,90.364915682665,22.463090638044378,221.35379464285717,0.3834753612449055,305965.0
2024-05-31,22530.69921875,22530.69921875,22653.75,22465.099609375,22568.099609375,572100.0,0.0018697799732139,0.0018680341105537,0.006992799808738,66.19442677997941,96.41866457749713,91.57566546163144,4.842999115865666,221.90025111607144,0.5321371183717194,312275.0
2024-06-03,23263.900390625,23263.900390625,23338.69921875,23062.30078125,23337.900390625,569400.0,0.0325423176953527,0.0320240306745201,0.0099169861339107,76.94257898667306,140.9525368703944,101.45103974338404,39.50149712701037,257.42885044642856,-0.004719454640797,318840.0
2024-06-04,21884.5,21884.5,23179.5,21281.44921875,23179.5,1006100.0,-0.0592935994164107,-0.0611241959627575,0.0168893630201915,45.12368567364993,64.19981264123635,94.0007943229545,-29.80098168171816,385.5467354910714,0.7669476642079383,353130.0
2024-06-05,22620.349609375,22620.349609375,22670.400390625,21791.94921875,22128.349609375,638500.0,0.0336242367600356,0.0330713026490232,0.018526172847302,55.07420185378332,62.03454383472854,87.60754422530931,-25.573000390580773,437.87890625,-0.3653712354636715,370165.0
2024-06-06,22821.400390625,22821.400390625,22910.150390625,22642.599609375,22798.599609375,480400.0,0.0088880492442378,0.0088487830297353,0.0186105290715733,55.04977352479322,75.66940075174352,85.21991553059615,-9.55051477885263,431.6004464285714,-0.2476115896632733,380315.0
2024-06-07,23290.150390625,23290.150390625,23320.19921875,22789.05078125,22821.849609375,473600.0,0.0205399314668071,0.0203318318180632,0.0186428192711884,59.0737471805433,122.88281399724656,92.75249522392625,30.13031877332031,458.3610491071428,-0.0141548709408826,387430.0
2024-06-10,23259.19921875,23259.19921875,23411.900390625,23227.150390625,23319.150390625,304400.0,-0.0013289382574128,-0.0013298220789751,0.0186658647613327,58.09683383206298,156.00396662979256,105.40278950509952,50.60117712469304,458.23256138392856,-0.3572635135135135,389360.0
2024-06-11,23264.849609375,23264.849609375,23389.44921875,23206.650390625,23283.75,305200.0,0.0002429314342191,0.0002429019311563,0.0186744876779044,57.50209227998111,180.62650806834424,120.44753321774849,60.17897485059579,460.83607700892856,0.002628120893561,390710.0
2024-06-12,23322.94921875,23322.94921875,23441.94921875,23295.94921875,23344.44921875,295600.0,0.0024973129141392,0.0024941998100964,0.0186658311025707,54.297274555669006,202.493977942504,136.8568221626996,65.6371557798044,443.7610212053572,-0.0314547837483617,393980.0
2024-06-13,23398.900390625,23398.900390625,23481.05078125,23353.900390625,23480.94921875,268300.0,0.003256499474515,0.0032512085635553,0.0186492108094937,55.26028164350024,223.37777029612695,154.16101178938507,69.21675850674191,446.59681919642856,-0.0923545331529093,395800.0
2024-06-14,23465.599609375,23465.599609375,23490.400390625,23334.25,23464.94921875,223100.0,0.0028505279152657,0.0028464728647632,0.0185892798357524,56.28499974443078,242.51483565527812,171.8317765625637,70.68305909271444,440.6360212053572,-0.1684681326872903,388510.0
2024-06-18,23557.900390625,23557.900390625,23579.05078125,23499.69921875,23570.80078125,272200.0,0.0039334507869606,0.0039257349959185,0.0185920345303737,57.80693925871961,262.1075863850383,189.88693852705865,72.22064785797966,438.7360491071428,0.22008068130883,389985.0
2024-06-19,23516.0,23516.0,23664.0,23412.900390625,23629.849609375,328800.0,-0.0017786131162043,-0.0017801967265448,0.0186168648337872,59.77965142395959,271.1285697686362,206.13526477537417,64.99330499326206,442.1930803571428,0.2079353416605436,389045.0
2024-06-20,23567.0,23567.0,23624.0,23442.599609375,23586.150390625,280300.0,0.0021687361796223,0.0021663878659495,0.0186160687994709,63.53739982081393,279.1748835903345,220.74318853836627,58.43169505196824,434.5252511160714,-0.1475060827250608,388545.0
2024-06-21,23501.099609375,23501.099609375,23667.099609375,23398.19921875,23661.150390625,609900.0,-0.0027962995130903,-0.0028002164622532,0.0183434527237386,62.10970575202797,277.0404842430544,232.00264767930392,45.03783656375046,440.2573939732143,1.17588298251873,400550.0
2024-06-24,23537.849609375,23537.849609375,23558.099609375,23350.0,23382.30078125,239400.0,0.001563756616109,0.0015625352218749,0.0183387535399369,54.13788830869988,275.1427014582296,240.63065843508903,34.51204302314051,397.40736607142856,-0.6074766355140186,399425.0
2024-06-25,23721.30078125,23721.30078125,23754.150390625,23562.05078125,23577.099609375,298100.0,0.0077938798539154,0.0077636644675083,0.018382631867903,93.4374665134445,285.1545867597706,249.5354441000254,35.61914265974522,271.25376674107144,0.2451963241436925,401330.0
2024-06-26,23868.80078125,23868.80078125,23889.900390625,23670.44921875,23723.099609375,287800.0,0.0062180401218379,0.006198787876631,0.0183845881714638,90.90720591228086,301.5154132865064,259.9314379373216,41.58397534918481,224.1823381696429,-0.0345521637034552,404825.0
2024-06-27,24044.5,24044.5,24087.44921875,23805.400390625,23881.55078125,515200.0,0.0073610408985447,0.0073340806597626,0.0182531837706407,90.75359002692927,324.91354367598615,272.9278590850545,51.98568459093167,223.6286272321429,0.7901320361362056,417090.0
2024-06-28,24010.599609375,24010.599609375,24174.0,23985.80078125,24085.900390625,354800.0,-0.0014099020825968,-0.0014108969297394,0.0180487655675661,83.79998020767283,336.8383891030571,285.70996508865505,51.12842401440207,199.1322544642857,-0.3113354037267081,416160.0
2024-07-01,24141.94921875,24141.94921875,24164.0,23992.69921875,23992.94921875,0.0,0.0054704843490753,0.0054555755969174,0.0180502665498455,87.84882844557589,352.82063411312265,299.1320988935486,53.68853521957408,198.1715959821429,-1.0,387555.0
2024-07-05,24323.849609375,24323.849609375,24363.0,24168.849609375,24213.349609375,298400.0,0.0008928929498506,0.0008924945580705,0.0051784117078906,86.43285908533147,386.396881575376,345.77097295977444,40.62590861560159,198.5465959821429,0.1878980891719746,280315.0
2024-07-08,24320.55078125,24320.55078125,24344.599609375,24240.55078125,24329.44921875,266300.0,-0.0001356211363734,-0.0001356303337513,0.0032348049984817,85.02092410460438,384.7458006499255,353.56593849780467,31.179862152120847,197.875,-0.1075737265415549,269950.0
2024-07-09,24433.19921875,24433.19921875,24443.599609375,24331.900390625,24351.0,250500.0,0.0046318209860134,0.0046211271118829,0.0031692154521961,89.54816628881919,388.053851341956,360.4635210666349,27.590330275321094,188.728515625,-0.0593315809237702,267255.0
2024-07-10,24324.44921875,24324.44921875,24461.05078125,24141.80078125,24459.849609375,292300.0,-0.0044509111977667,-0.0044608459932337,0.0034994075120664,81.1106369187623,377.5481491622959,363.8804466857672,13.667702476528689,198.5749162946429,0.1668662674650698,266610.0
2024-07-11,24315.94921875,24315.94921875,24402.650390625,24193.75,24396.55078125,306400.0,-0.0003494426502141,-0.0003495037195243,0.0035457736589199,85.12442477011852,364.3365802276676,363.9716733941473,0.3649068335203083,194.28920200892856,0.0482381115292507,267150.0
2024-07-12,24502.150390625,24502.150390625,24592.19921875,24331.150390625,24387.94921875,325800.0,0.007657573644356,0.0076284032489554,0.0037523406989908,86.82228241737916,364.6873068218738,364.1148000796926,0.57250674218119,199.15708705357144,0.0633159268929504,270025.0
2024-07-15,24586.69921875,24586.69921875,24635.05078125,24522.75,24587.599609375,305400.0,0.0034506697076412,0.0034447298074261,0.0037592594217427,85.74561049672946,367.55074777235495,364.8019896182251,2.74875815412986,193.1999162946429,-0.0626151012891343,274140.0
2024-07-16,24613.0,24613.0,24661.25,24587.650390625,24615.900390625,283200.0,0.0010697158254551,0.0010691440871768,0.0037500165083644,84.15961414329772,367.7036399241842,365.3823196794169,2.321320244767321,182.84988839285717,-0.0726915520628683,274690.0
2024-07-18,24800.849609375,24800.849609375,24837.75,24504.44921875,24543.80078125,350900.0,0.0076321297434283,0.0076031523871201,0.0038144137676129,84.33435412569754,378.6182263759147,368.0295010187165,10.5887253571982,186.5107421875,0.239053672316384,275795.0
2024-07-19,24530.900390625,24530.900390625,24854.80078125,24508.150390625,24853.80078125,343800.0,-0.0108846762510892,-0.0109443477378994,0.0048742662575995,69.4505533018496,361.3203923124456,366.6876792774624,-5.367286965016717,197.82868303571428,-0.0202336848104873,278970.0
2024-07-22,24509.25,24509.25,24595.19921875,24362.30078125,24445.75,324200.0,-0.0008825762723847,-0.000882965972133,0.0047928961024623,64.95771771083878,341.9232502206978,361.7347934661095,-19.811543245411656,202.228515625,-0.0570098894706224,264685.0
2024-07-23,24479.05078125,24479.05078125,24582.55078125,24074.19921875,24568.900390625,436400.0,-0.0012321559717249,-0.0012329157000276,0.0048502001785457,64.32382365589365,320.42044337991683,353.47192344887094,-33.051480068954106,225.68582589285717,0.3460826650215916,274535.0
2024-07-24,24413.5,24413.5,24504.25,24307.25,24444.94921875,366600.0,-0.0026778318259059,-0.0026814236311497,0.0047530576340796,55.55654302082337,294.6928777681351,341.7161143127238,-47.02323654458871,226.521484375,-0.1599450045829514,277960.0
2024-07-25,24406.099609375,24406.099609375,24426.150390625,24210.80078125,24230.94921875,391800.0,-0.0003031269840456,-0.0003031729363163,0.004630854217342,54.58108964206525,270.5872851988679,327.4903484899526,-56.90306329108472,233.33217075892856,0.0687397708674304,283160.0
2024-07-26,24834.849609375,24834.849609375,24861.150390625,24410.900390625,24423.349609375,383800.0,0.0175673297602745,0.0174148078999285,0.0057753030529244,66.57371487068255,282.81980059105626,318.55623891017336,-35.7364383191171,251.96791294642856,-0.0204185809086268,276590.0
2024-07-29,24836.099609375,24836.099609375,24999.75,24774.599609375,24943.30078125,355000.0,5.03324972633834e-05,5.0331230625744864e-05,0.0057439393149504,66.74350363907851,289.2803776009896,312.7010666483366,-23.420689047347025,260.61802455357144,-0.0750390828556539,276600.0
2024-07-30,24857.30078125,24857.30078125,24971.75,24798.650390625,24839.400390625,385000.0,0.0008536433743,0.0008532792280141,0.0056771204917398,64.64336388698565,292.7367023298466,308.70819378463864,-15.971491454792044,264.19308035714283,0.0845070422535212,295850.0
2024-07-31,24951.150390625,24951.150390625,24984.599609375,24856.5,24886.69921875,333600.0,0.0037755350108565,0.0037684255675633,0.0056739076746382,71.86368474200701,299.595196784594,306.8855943846297,-7.290397600035703,250.5394810267857,-0.1335064935064934,312530.0
2024-08-01,25010.900390625,25010.900390625,25078.30078125,24956.400390625,25030.94921875,431300.0,0.0023946791656728,0.002391816490734,0.0055526503003874,73.40768039534814,306.32085259062296,306.7726460258284,-0.4517934352054453,244.7001953125,0.2928657074340528,334095.0
2024-08-02,24717.69921875,24717.69921875,24851.900390625,24686.849609375,24789.0,345000.0,-0.0117229354919546,-0.0117921908833044,0.0062907928258636,56.77208424406283,284.7101378436055,302.36014438938383,-17.650006545778353,248.11453683035717,-0.2000927428703918,338785.0
2024-08-05,24055.599609375,24055.599609375,24350.05078125,23893.69921875,24302.849609375,487000.0,-0.0267864578946228,-0.0271517531414515,0.0088207440118729,37.75705091897645,211.71704334416063,284.2315241803392,-72.51448083617856,297.4787946428572,0.4115942028985506,348215.0
2024-08-06,23992.55078125,23992.55078125,24382.599609375,23960.400390625,24189.849609375,312300.0,-0.0026209626510589,-0.0026244033870099,0.0088325854929168,35.93564051343081,147.08645545748368,256.8025104357681,-109.71605497828445,322.3108258928572,-0.3587268993839836,350515.0
2024-08-07,24297.5,24297.5,24337.69921875,24184.900390625,24289.400390625,317600.0,0.0127101624804444,0.0126300663412452,0.0092607572145772,39.16525617191304,119.1001894584333,229.2620462403012,-110.16185678186788,323.15708705357144,0.0169708613512649,353870.0
2024-08-08,24117.0,24117.0,24340.5,24079.69921875,24248.55078125,311900.0,-0.007428747813561,-0.0074564783815551,0.0093555187818575,40.733851566373794,81.41750026306545,199.69313704485404,-118.2756367817886,317.0249720982143,-0.0179471032745591,354850.0
2024-08-09,24367.5,24367.5,24419.75,24311.19921875,24386.849609375,215100.0,0.0103868640378157,0.0103332912152946,0.00966079003923,47.12153518123667,70.94909704432939,173.9443290447491,-102.99523200041972,322.01436941964283,-0.3103558832959282,350285.0
2024-08-12,24347.0,24347.0,24472.80078125,24212.099609375,24320.05078125,279900.0,-0.0008412844977941,-0.0008416385761983,0.0094987579834496,47.30788894852776,60.30349227700936,151.21616169120117,-90.9126694141918,304.32505580357144,0.3012552301255229,347990.0
2024-08-13,24139.0,24139.0,24359.94921875,24116.5,24342.349609375,239700.0,-0.0085431469996303,-0.0085798488623965,0.0096289122744112,44.71098265895953,34.68310686355835,127.9095507256726,-93.22644386211424,307.6428571428572,-0.1436227224008575,344705.0
2024-08-14,24143.75,24143.75,24196.5,24099.69921875,24184.400390625,303300.0,0.0001967769998756,0.0001967576418212,0.009621612745803,44.939926149886645,14.59382362665201,105.24640530586848,-90.65258167921648,299.1750837053572,0.265331664580726,345710.0
2024-08-16,24541.150390625,24541.150390625,24563.900390625,24204.5,24334.849609375,271600.0,0.0164597624902924,0.016325768935141,0.0102184446909567,44.26592700605232,30.389500985180348,90.27502444173088,-59.88552345655053,296.6821986607143,-0.1045169798878997,341745.0
2024-08-19,24572.650390625,24572.650390625,24638.80078125,24522.94921875,24636.349609375,243600.0,0.0012835584110202,0.001282735354142,0.0099241294525727,44.91656114327063,44.93153309246191,81.20632617187708,-36.274793079415176,288.87513950892856,-0.1030927835051546,336735.0
2024-08-20,24698.849609375,24698.849609375,24734.30078125,24607.19921875,24648.900390625,238300.0,0.0051357593399101,0.0051226163083365,0.0099828171774028,47.06163585248309,65.87999697318082,78.14106033213783,-12.261063358957005,288.05733816964283,-0.0217569786535303,332440.0
2024-08-21,24770.19921875,24770.19921875,24787.94921875,24654.5,24680.55078125,257100.0,0.0028887826964991,0.002884618182089,0.0099891680292443,46.61615139679128,87.23354865923466,79.9595579975572,7.273990661677459,288.439453125,0.0788921527486361,323475.0
2024-08-22,24811.5,24811.5,24867.349609375,24784.44921875,24863.400390625,220300.0,0.0016673576536574,0.0016659691560852,0.0099604448253019,46.245236345662015,106.26407399834716,85.2204611977152,21.04361280063196,286.29659598214283,-0.1431349669389342,316160.0
2024-08-23,24823.150390625,24823.150390625,24858.400390625,24771.650390625,24845.400390625,206800.0,0.0004695560778267,0.0004694458708691,0.0099572094296714,52.22119554798213,120.89241904040682,92.35485276625352,28.53756627415329,269.34654017857144,-0.0612800726282342,306910.0
2024-08-26,25010.599609375,25010.599609375,25043.80078125,24874.69921875,24906.099609375,210300.0,0.007551387144671,0.0075230181481054,0.0093050520712678,75.14352005166927,145.92889577945243,103.0696613688933,42.859234410559125,226.25013950892856,0.0169245647969051,298235.0
2024-08-27,25017.75,25017.75,25073.099609375,24973.650390625,25024.80078125,223300.0,0.000285894410237,0.0002858535502177,0.0093047432082945,77.8103204558989,164.45176318007725,115.3460817311301,49.10568144894715,203.19656808035717,0.061816452686638,291650.0
2024-08-28,25052.349609375,25052.349609375,25129.599609375,24964.650390625,25030.80078125,220400.0,0.0013830024432652,0.0013820469762269,0.0093068368118692,73.99624238947273,179.84996986085025,128.24685935707413,51.60311050377612,190.3251953125,-0.0129870129870129,283420.0
2024-08-29,25151.94921875,25151.94921875,25192.900390625,24998.5,25035.30078125,354000.0,0.0039756594063229,0.0039677773564559,0.0093107272586483,84.68446532037838,197.8097875824133,142.15944500214198,55.650342580271285,185.58231026785717,0.6061705989110708,284440.0
2024-08-30,25235.900390625,25235.900390625,25268.349609375,25199.400390625,25249.69921875,638200.0,0.0033377600735777,0.0033322021164079,0.0093235148825317,82.75992661415698,216.32358682914128,156.99227336754186,59.33131346159942,172.27162388392858,0.8028248587570621,294785.0
2024-09-02,25278.69921875,25278.69921875,25333.650390625,25235.5,25333.599609375,222800.0,0.0016959501132323,0.0016945136137639,0.0088702369333949,84.56628919077943,231.7776256696889,171.94934382797126,59.8282818417176,160.66085379464286,-0.6508931369476654,288675.0
2024-09-03,25279.849609375,25279.849609375,25321.69921875,25235.80078125,25313.400390625,212100.0,4.550829989491412e-05,4.550726442364936e-05,0.0059787357443894,100.0,241.33591944738876,185.8266589518548,55.509260495533965,149.4072265625,-0.0480251346499102,274930.0
2024-09-04,25198.69921875,25198.69921875,25216.0,25083.80078125,25089.94921875,253800.0,-0.0032100820170585,-0.0032152453831834,0.0060066896870324,93.33330124255494,239.6008088308008,196.581488927644,43.01931990315683,156.49637276785714,0.1966053748231966,272005.0
2024-09-05,25145.099609375,25145.099609375,25275.44921875,25127.75,25250.5,222200.0,-0.0021270784221717,-0.0021293438665674,0.0055765770247618,84.57265779081676,231.2351458183075,203.5122203057767,27.722925512530797,137.03557477678572,-0.1245074862096138,267235.0
2024-09-06,24852.150390625,24852.150390625,25168.75,24801.30078125,25093.69921875,311700.0,-0.0116503502989019,-0.0117187473822492,0.0060049611967636,62.31387720542174,198.67652463110065,202.5450811708415,-3.8685565397408936,155.0068359375,0.4027902790279027,267225.0
2024-09-09,24936.400390625,24936.400390625,24957.5,24753.150390625,24823.400390625,254400.0,0.0033900486950126,0.0033843154336383,0.0056547781488645,60.867420790221416,177.6243111695403,197.5609271705813,-19.93661600104099,158.05678013392858,-0.1838306063522617,269190.0
2024-09-10,25041.099609375,25041.099609375,25130.5,24896.80078125,24999.400390625,251300.0,0.0041986500501236,0.0041898603137641,0.0056727131761362,62.02613302350584,167.45827748975353,191.54039723441576,-24.08211974466224,165.21749441964286,-0.0121855345911949,267760.0
2024-09-11,24918.44921875,24918.44921875,25113.69921875,24885.150390625,25034.0,279200.0,-0.0048979634496194,-0.0049099977844991,0.0053870661249028,54.42799474702255,147.80100310399575,182.79251840833177,-34.99151530433602,174.60309709821428,0.1110226820533226,269735.0
2024-09-12,25388.900390625,25388.900390625,25433.349609375,24941.44921875,25059.650390625,380100.0,0.0188796328272711,0.0187036244247439,0.0066110116155666,66.97471466980457,168.24453114957942,179.88292095658133,-11.638389807001914,205.1852678571429,0.3613896848137536,273575.0
2024-09-13,25356.5,25356.5,25430.5,25292.44921875,25430.44921875,250800.0,-0.0012761636040355,-0.0012769785942554,0.0057829749917574,61.44304291472236,179.75957716222183,179.85825219770945,-0.0986750354876164,199.28529575892856,-0.34017363851618,272535.0
2024-09-16,25383.75,25383.75,25445.69921875,25336.19921875,25406.650390625,168700.0,0.0010746751326089,0.001074098082679,0.0057838627334593,61.94906953966699,188.9065838426468,181.66791852669687,7.2386653159498735,200.00320870535717,-0.3273524720893142,268790.0
2024-09-17,25418.55078125,25418.55078125,25441.650390625,25352.25,25416.900390625,216000.0,0.0013709866056039,0.0013700476615561,0.0057250990566606,61.95406710522793,196.69639118379928,184.6736130581174,12.022778125681867,194.6068638392857,0.2803793716656786,267675.0
2024-09-18,25377.55078125,25377.55078125,25482.19921875,25285.55078125,25402.400390625,215700.0,-0.0016129951842196,-0.0016142974615182,0.0057540874455847,57.65736620756588,197.2873070073947,187.1963518479729,10.09095515942181,194.76743861607144,-0.0013888888888888,265605.0
2024-09-19,25415.80078125,25415.80078125,25611.94921875,25376.05078125,25487.05078125,314500.0,0.0015072376499098,0.0015061029073179,0.0057535547079328,56.30167932580672,198.5532688975909,189.4677352578965,9.085533639694404,203.30301339285717,0.4580435790449699,270315.0
2024-09-20,25790.94921875,25790.94921875,25849.25,25426.599609375,25525.94921875,533100.0,0.0147604413777415,0.0146525662899847,0.0064951227472234,64.55462423639722,227.2087751489198,197.01594323610115,30.19283191281866,227.2529296875,0.6950715421303657,286630.0
2024-09-23,25939.05078125,25939.05078125,25956.0,25847.349609375,25872.55078125,209200.0,0.0057423850996662,0.0057259604541125,0.0064249976573823,67.28643118278359,258.884766227322,209.38970783434533,49.49505839297663,232.9066685267857,-0.607578315513037,286575.0
2024-09-24,25940.400390625,25940.400390625,26011.55078125,25886.849609375,25921.44921875,384100.0,5.203002169906768e-05,5.20286681844374e-05,0.0064281939542283,70.29944204076875,280.85954555538774,223.68367537855383,57.17587017683391,227.81040736607144,0.8360420650095601,294615.0
2024-09-25,26004.150390625,26004.150390625,26032.80078125,25871.349609375,25899.44921875,278500.0,0.0024575565157058,0.0024545416621303,0.0064287345609717,73.38124754138448,299.9610445097933,238.9391492048017,61.021895304991546,228.7926897321429,-0.2749284040614423,297520.0
2024-09-26,26216.05078125,26216.05078125,26250.900390625,25998.400390625,26005.400390625,370900.0,0.008148714241454,0.0081156927368075,0.0065663843978842,88.835389339909,328.4119817517385,256.8337157141891,71.57826603754938,220.58203125,0.3317773788150808,298365.0
2024-09-27,26178.94921875,26178.94921875,26277.349609375,26151.400390625,26248.25,490300.0,-0.0014152231703233,-0.0014162255444679,0.0066049110243399,86.35621241855091,344.0003466079397,274.26704189293923,69.73330471500049,214.98200334821428,0.3219196548935024,290970.0
2024-09-30,25810.849609375,25810.849609375,26134.69921875,25794.099609375,26061.30078125,343100.0,-0.0140609008520233,-0.0141606918570764,0.007503691511254,69.51447522960129,322.92914970344646,283.9994634550407,38.929686248405744,225.77845982142856,-0.3002243524372833,296985.0
2024-10-01,25796.900390625,25796.900390625,25907.599609375,25739.19921875,25788.44921875,247400.0,-0.0005404401234794,-0.0005405862138807,0.0075090393447219,73.56925982482636,301.6275147389206,287.5250737118168,14.10244102710385,221.4821428571429,-0.2789274264062955,298750.0
2024-10-03,25250.099609375,25250.099609375,25639.44921875,25230.30078125,25452.849609375,423400.0,-0.0211963752609873,-0.02142424417261,0.0089781304998669,46.42248019089234,237.8814134591521,277.5963416612838,-39.71492820213172,225.17494419642856,0.7113985448666127,307230.0
2024-10-04,25014.599609375,25014.599609375,25485.05078125,24966.80078125,25181.900390625,374900.0,-0.0093266958801446,-0.0093704618486467,0.009215034010802,42.02286329869115,166.44066273044882,255.36520587511683,-88.92454314466801,252.33203125,-0.1145488899385923,314865.0
2024-10-07,24795.75,24795.75,25143.0,24694.349609375,25084.099609375,374300.0,-0.0087488751686026,-0.0087873712731709,0.0090469143823371,37.406844717212856,91.11371639479694,222.51490797905288,-131.40119158425594,276.5570591517857,-0.0016004267804747,317995.0
2024-10-08,25013.150390625,25013.150390625,25044.0,24756.80078125,24832.19921875,333200.0,0.0087676473034692,0.008729434677965,0.0092333002619066,41.94739786484711,48.40102645068691,187.6921316733797,-139.2911052226928,290.685546875,-0.1098049692759818,321935.0
2024-10-09,24981.94921875,24981.94921875,25234.05078125,24947.69921875,25065.80078125,290600.0,-0.0012473907279866,-0.0012481693673798,0.0091891887647866,42.11132661883953,11.896107211559864,152.53292678101576,-140.6368195694559,297.09291294642856,-0.1278511404561825,323900.0
2024-10-10,24998.44921875,24998.44921875,25134.05078125,24979.400390625,25067.05078125,261400.0,0.0006604768849507,0.0006602588660852,0.0091195338484187,41.60478810422943,-15.523941847150128,118.9215530553826,-134.44549490253272,291.2894810267857,-0.1004817618719889,323010.0
2024-10-11,24964.25,24964.25,25028.650390625,24920.05078125,24985.30078125,210500.0,-0.0013680536120755,-0.0013689902517646,0.007990708716756,30.726954488164893,-39.55811805443591,87.2256188334189,-126.7837368878548,268.0859375,-0.1947207345065034,314530.0
2024-10-14,25127.94921875,25127.94921875,25159.75,25017.5,25023.44921875,206400.0,0.0065573457544287,0.0065359398889081,0.0081570418185426,31.227115003155305,-44.87888118772389,60.80471882919035,-105.68360001691424,270.26088169642856,-0.0194774346793349,312310.0
2024-10-15,25057.349609375,25057.349609375,25212.05078125,25008.150390625,25186.30078125,257200.0,-0.0028096049048969,-0.0028135592532655,0.0081657960911808,30.19666587825111,-54.16800768175017,37.81017352700225,-91.97818120875242,275.91796875,0.2461240310077519,316735.0
2024-10-16,24971.30078125,24971.30078125,25093.400390625,24908.44921875,25008.55078125,226800.0,-0.0034340754096676,-0.0034399853806971,0.0081749684359521,27.066638796059152,-67.69280808810436,16.709577203980928,-84.40238529208528,277.59654017857144,-0.1181959564541212,317275.0
2024-10-17,24749.849609375,24749.849609375,25029.5,24728.900390625,25027.400390625,252800.0,-0.0088682273228345,-0.0089077840900148,0.0083690296084431,17.582008521061255,-95.18335421885786,-5.669009080586829,-89.51434513827103,281.0322265625,0.1146384479717812,319130.0
2024-10-18,24854.05078125,24854.05078125,24886.19921875,24567.650390625,24664.94921875,290900.0,0.0042101739412401,0.0042013359565505,0.0084369047768345,21.550387856989477,-107.3244766022799,-26.000102584925443,-81.32437401735446,294.7893415178572,0.1507120253164557,317950.0
2024-10-21,24781.099609375,24781.099609375,24978.30078125,24679.599609375,24956.150390625,242000.0,-0.0029351823779982,-0.0029394984735484,0.0075714376022641,24.678505699872048,-121.4331477177584,-45.08671161149204,-76.34643610626637,288.63588169642856,-0.1680990030938467,303395.0
2024-10-22,24472.099609375,24472.099609375,24882.0,24445.80078125,24798.650390625,279500.0,-0.0124691803378693,-0.0125475729094392,0.0076895623001087,21.551291708538077,-155.7526689880906,-67.21990308681175,-88.53276590127884,307.76436941964283,0.1549586776859504,306910.0
2024-10-23,24435.5,24435.5,24604.25,24378.099609375,24378.150390625,284600.0,-0.0014955647434917,-0.0014966842167451,0.0076662738009983,27.59874919300175,-183.78585057182136,-90.53309258381368,-93.25275798800767,283.4465680803572,0.01824686940966,301935.0
2024-10-24,24399.400390625,24399.400390625,24480.650390625,24341.19921875,24412.69921875,216700.0,-0.0014773427748562,-0.0014784351216731,0.0075699245539311,30.998303624644976,-206.5344847477136,-113.73337101659364,-92.80111373111993,256.38950892857144,-0.2385804638088545,298845.0
2024-10-25,24180.80078125,24180.80078125,24440.25,24073.900390625,24418.05078125,372600.0,-0.0089592205494931,-0.0089995957000837,0.0071823613708429,31.003091596697477,-239.44196486703004,-138.87508978668097,-100.56687508034908,250.51088169642856,0.7194277803414859,298930.0
2024-10-28,24339.150390625,24339.150390625,24492.599609375,24134.900390625,24251.099609375,278600.0,0.0065485676346082,0.0065272189172371,0.0075452490875971,28.39050977877525,-249.8636176044747,-161.0727953502397,-88.79082225423502,255.5465959821429,-0.2522812667740204,288345.0
2024-10-29,24466.849609375,24466.849609375,24484.5,24140.849609375,24328.849609375,332000.0,0.0052466588480091,0.0052329430871703,0.0073708215772221,34.44745721931757,-244.99444924942875,-177.85712613007752,-67.13732311935121,259.63936941964283,0.1916726489590812,287790.0
2024-10-30,24340.849609375,24340.849609375,24498.19921875,24307.30078125,24371.44921875,285200.0,-0.0051498252538292,-0.0051631313061232,0.0073736394218158,31.37637108862916,-248.4388962732592,-191.97348015871387,-56.46541611454529,262.228515625,-0.1409638554216867,289680.0
2024-10-31,24205.349609375,24205.349609375,24372.44921875,24172.599609375,24349.849609375,287000.0,-0.005566773640794,-0.0055823258691893,0.0060366905567931,29.673750079776013,-259.1154414198718,-205.40187241094543,-53.71356900892633,268.7463727678572,0.0063113604488078,282860.0
2024-11-01,24304.349609375,24304.349609375,24368.25,24280.19921875,24302.75,38800.0,0.0040900049616161,0.0040816636276529,0.005935179353504,27.14888774487224,-256.6299375726885,-215.64748544329407,-40.98245212939443,266.41782924107144,-0.864808362369338,266055.0
2024-11-04,23995.349609375,23995.349609375,24316.75,23816.150390625,24315.75,285500.0,-0.0127137736646451,-0.0127952853023641,0.0062506101175574,23.97696642979662,-276.4076204551202,-227.7995124456593,-48.60810800946089,287.6106305803572,6.358247422680412,261615.0
2024-11-05,24213.30078125,24213.30078125,24229.05078125,23842.75,23916.5,289500.0,0.0090830588186072,0.0090420559405291,0.0062785353140401,32.55387630701179,-271.3665933848897,-236.5129286335054,-34.853664751384315,301.9927455357143,0.0140105078809107,259430.0
2024-11-06,24484.05078125,24484.05078125,24537.599609375,24204.05078125,24308.75,351100.0,0.0111818707596305,0.0111198158079183,0.0069001502109084,44.01812378078103,-242.72628336251728,-237.75559957930776,-4.970683783209495,304.3462611607143,0.2127806563039724,262455.0
2024-11-07,24199.349609375,24199.349609375,24503.349609375,24179.05078125,24489.599609375,322200.0,-0.0116280257061476,-0.0116961598894184,0.0072825816941715,36.37289042357799,-240.23238713145477,-238.2509570897372,-1.9814300417175448,304.75697544642856,-0.0823127314155511,265495.0
2024-11-08,24148.19921875,24148.19921875,24276.150390625,24066.650390625,24207.69921875,298700.0,-0.0021137093124677,-0.0021159463488489,0.0072832519421279,36.70600977218742,-239.6211618477901,-238.52499804134777,-1.0961638064422914,298.38546316964283,-0.0729360645561763,269905.0
2024-11-11,24141.30078125,24141.30078125,24336.80078125,24004.599609375,24087.25,273400.0,-0.0002856708874028,-0.0002857116991034,0.0070346222773293,42.04159614468339,-236.96185885519665,-238.2123702041176,1.250511348920952,290.95703125,-0.0847003682624707,273255.0
2024-11-12,23883.44921875,23883.44921875,24242.0,23839.150390625,24225.80078125,255800.0,-0.0106809307765333,-0.0107383813677232,0.0072988643465149,37.99655163627407,-252.7472947287424,-241.11935510904252,-11.627939619699871,303.5784040178572,-0.0643745427944403,273185.0
2024-11-13,23559.05078125,23559.05078125,23873.599609375,23509.599609375,23822.44921875,304600.0,-0.0135825623229214,-0.0136756491890301,0.0077174350782416,33.76355398840283,-288.11242845042943,-250.51796977731996,-37.5944586731095,320.32114955357144,0.1907740422204846,277075.0
2024-11-14,23532.69921875,23532.69921875,23675.900390625,23484.150390625,23542.150390625,257700.0,-0.0011185324376894,-0.001119158461959,0.0075944289690723,36.47309359274973,-314.6389407286624,-263.3421639675885,-51.29677676107394,307.84974888392856,-0.1539724228496388,277320.0
2024-11-18,23453.80078125,23453.80078125,23606.80078125,23350.400390625,23605.30078125,263300.0,-0.0033527151631265,-0.0033583481065696,0.0074297116461445,30.88747576671624,-338.13008421470295,-278.2997480170114,-59.830336197691565,300.61411830357144,0.021730694606131,275940.0
2024-11-19,23518.5,23518.5,23780.650390625,23464.80078125,23529.55078125,297500.0,0.0027585814066317,0.0027547835038892,0.0075353740431651,28.955030846566387,-347.5203007298114,-292.1438585595714,-55.37644217024001,299.4140625,0.129889859475883,278715.0
2024-11-21,23349.900390625,23349.900390625,23507.30078125,23263.150390625,23488.44921875,420300.0,-0.0071688079331164,-0.0071946273067947,0.0072575080863394,28.417745426331265,-364.3665041521344,-306.588387678084,-57.77811647405042,304.01771763392856,0.4127731092436975,285755.0
2024-11-22,23907.25,23907.25,23956.099609375,23359.0,23411.80078125,367600.0,0.0238694641112378,0.0235890420376329,0.0093295156278573,44.51538761731796,-328.9518342433912,-311.06107699114546,-17.89075725224575,333.04268973214283,-0.12538662859862,289905.0
2024-11-25,24221.900390625,24221.900390625,24351.55078125,24135.44921875,24253.55078125,687200.0,0.0131612958673623,0.0130754385217122,0.0098537997239655,48.59457566266087,-272.35624307706894,-303.32011020833016,30.963867131261225,353.14271763392856,0.869423286180631,313430.0
2024-11-26,24194.5,24194.5,24343.30078125,24125.400390625,24343.30078125,230700.0,-0.0011312238174179,-0.0011318641340202,0.0096458151519281,53.75521583329957,-227.0969792436008,-288.0754840153843,60.97850477178349,332.94991629464283,-0.664289871944121,306335.0
2024-11-27,24274.900390625,24274.900390625,24354.55078125,24145.650390625,24204.80078125,295000.0,0.0033230854378061,0.0033175761911502,0.0095584047682973,51.225082911299474,-182.63573591403477,-266.9875343951144,84.35179848107964,320.27845982142856,0.2787169484178586,307155.0
2024-11-28,23914.150390625,23914.150390625,24345.75,23873.349609375,24274.150390625,366700.0,-0.0148610290544929,-0.0149725605075969,0.0100142780132194,39.0576307339914,-174.49788731208173,-248.48960497850783,73.99171766642613,330.19642857142856,0.2430508474576271,308890.0
2024-11-29,24131.099609375,24131.099609375,24188.44921875,23927.150390625,23927.150390625,282100.0,0.0090720019405352,0.0090310985286958,0.0102140852719725,48.65456141566752,-148.82700970585574,-228.55708592397744,79.7300762181217,326.625,-0.2307062994273248,308735.0
2024-12-02,24276.05078125,24276.05078125,24301.69921875,24008.650390625,24140.849609375,220400.0,0.0060068200049485,0.0059888509835426,0.0102327883487232,52.43050089259457,-115.4554080162925,-205.9367503424405,90.48134232614797,332.5927734375,-0.2187167671038639,305405.0
2024-12-03,24457.150390625,24457.150390625,24481.349609375,24280.0,24367.5,339500.0,0.0074600111445999,0.0074323228793726,0.0103276011517527,55.63142356286655,-73.54714260547917,-179.45882879504822,105.91168618956904,323.5283203125,0.5403811252268602,320440.0
2024-12-04,24467.44921875,24467.44921875,24573.19921875,24366.30078125,24488.75,348000.0,0.0004210968146538,0.0004210081782723,0.0098592127903891,61.4205396156079,-39.05332851460844,-151.37772873896026,112.32440022435182,309.5318080357143,0.0250368188512517,323565.0
2024-12-05,24708.400390625,24708.400390625,24857.75,24295.55078125,24539.150390625,361500.0,0.0098478255628851,0.0097996517421212,0.0098935511335681,73.23467747985359,7.637967786096851,-119.57458943394884,127.21255722004568,322.9853515625,0.0387931034482758,327165.0
2024-12-06,24677.80078125,24677.80078125,24751.05078125,24620.5,24729.44921875,226700.0,-0.0012384293961259,-0.0012391968835286,0.0096104542022107,73.10911054527682,41.69143088880082,-87.3213853693989,129.0128162581997,318.61397879464283,-0.3728907330567081,320945.0
2024-12-09,24619.0,24619.0,24705.0,24580.05078125,24633.900390625,248100.0,-0.0023827399277279,-0.0023855831698785,0.0092136938879827,73.70700343336725,63.20571793919589,-57.21596470767994,120.42168264687584,309.224609375,0.0943978826643141,317240.0
2024-12-10,24610.05078125,24610.05078125,24677.80078125,24510.650390625,24652.650390625,261000.0,-0.00036350862139,-0.0003635747066644,0.0091918474338983,72.72407164047048,78.62744996797846,-30.047281772548267,108.67473174052674,297.81752232142856,0.0519951632406288,315355.0
2024-12-11,24641.80078125,24641.80078125,24691.75,24583.849609375,24620.5,187300.0,0.0012901233029631,0.0012892918089711,0.0091871103948867,78.52002666370021,92.34672776866864,-5.568479864304887,97.91520763297352,287.2854352678572,-0.282375478927203,311050.0
2024-12-12,24548.69921875,24548.69921875,24675.25,24527.94921875,24604.44921875,266100.0,-0.0037781963796591,-0.0037853517923229,0.0088458840765268,67.8115787030308,94.61616005959876,14.468448120475845,80.14771193912293,254.50697544642856,0.4207154297917779,311565.0
2024-12-13,24768.30078125,24768.30078125,24792.30078125,24180.80078125,24498.349609375,310100.0,0.0089455478085889,0.008905773422254,0.0082503653907366,66.017802074733,112.83403182531764,34.14156486144421,78.69246696387344,266.4497767857143,0.1653513716647876,311840.0
2024-12-16,24668.25,24668.25,24781.25,24601.75,24753.400390625,187600.0,-0.0040394689217332,-0.0040476496141852,0.0083438238201198,63.320651183020566,117.84017636455246,50.88128716206586,66.9588892024866,263.70689174107144,-0.3950338600451467,308335.0
2024-12-17,24336.0,24336.0,24624.099609375,24303.44921875,24584.80078125,264900.0,-0.0134687300477334,-0.0135602561482743,0.0089918459303583,51.50483975089786,93.9151878825869,59.48806730617008,34.427120576416826,274.84263392857144,0.4120469083155651,308415.0
2024-12-18,24198.849609375,24198.849609375,24394.44921875,24149.849609375,24297.94921875,235300.0,-0.0056356998120069,-0.0056516402868919,0.0091436117056491,57.87983955542581,63.159508333952544,60.222355511726576,2.9371528222259684,258.57114955357144,-0.1117402793506984,305305.0
2024-12-19,23951.69921875,23951.69921875,24004.900390625,23870.30078125,23877.150390625,271100.0,-0.010213311567061,-0.0102658252990389,0.0093186087153269,45.1162439533259,18.62771104987769,51.9034266193568,-33.27571556947911,262.44614955357144,0.1521461963450914,297845.0
2024-12-20,23587.5,23587.5,24065.80078125,23537.349609375,23960.69921875,442700.0,-0.0152055691508056,-0.0153223592363376,0.008390836082838,33.254706226582854,-45.52708445531243,32.41732440442296,-77.94440885973539,279.26060267857144,0.632976761342678,301600.0
2024-12-23,23753.44921875,23753.44921875,23869.55078125,23647.19921875,23738.19921875,189800.0,0.0070354729729729,0.0070108395042457,0.0079613651663858,32.759206462683665,-82.03387163794469,9.527085195949429,-91.56095683389412,284.74288504464283,-0.5712672238536255,276730.0
2024-12-24,23727.650390625,23727.650390625,23867.650390625,23685.150390625,23769.099609375,177700.0,-0.0010861087115143,-0.0010866989549987,0.0079613162537719,32.011432077634794,-111.75922256720514,-14.730176356681486,-97.02904621052366,283.00013950892856,-0.0637513171759747,274080.0
2024-12-26,23750.19921875,23750.19921875,23854.5,23653.599609375,23775.80078125,177700.0,0.0009503186263191,0.0009498673594489,0.0079119153265175,23.93217889384222,-131.97593888566553,-38.1793288624783,-93.79661002318724,257.19308035714283,0.0,268215.0
2024-12-27,23813.400390625,23813.400390625,23938.849609375,23800.599609375,23801.400390625,176800.0,0.002661079652128,0.0026575452485017,0.0072455897456738,26.893892327113903,-141.2695583145396,-58.79737475289056,-82.47218356164905,261.3430524553572,-0.0050647158131682,258720.0
2024-12-30,23644.900390625,23644.900390625,23915.349609375,23599.30078125,23796.900390625,364900.0,-0.0070758479358679,-0.0071010004684319,0.0070568825351106,25.40402401507896,-160.38257002303362,-79.11441380691917,-81.26815621611445,274.99302455357144,1.0639140271493217,262860.0
2024-12-31,23644.80078125,23644.80078125,23689.849609375,23460.44921875,23560.599609375,193600.0,-4.212721278373799e-06,-4.2127301519090045e-06,0.0068685408954092,25.518065413560663,-173.53737629723037,-97.99900630498142,-75.53836999224895,279.439453125,-0.4694436832008769,261520.0
2025-01-01,23742.900390625,23742.900390625,23822.80078125,23562.80078125,23637.650390625,154900.0,0.0041488871182535,0.0041403042175613,0.0066838542440355,27.94327247213896,-174.0406046667922,-113.2073259773436,-60.833278689448605,290.3037109375,-0.199896694214876,252290.0
2025-01-02,24188.650390625,24188.650390625,24226.69921875,23751.55078125,23783.0,283200.0,0.0187740331916654,0.0185999761576599,0.0080714723473964,42.46869941717142,-136.89309863534436,-117.94448050894376,-18.94861812640059,314.3392857142857,0.828276307295029,249050.0
2025-01-03,24004.75,24004.75,24196.44921875,23976.0,24196.400390625,312300.0,-0.0076027553276091,-0.0076318035968108,0.0078287824546559,33.78631032366164,-120.89900856215536,-118.5353861195861,-2.363622442569266,286.40708705357144,0.1027542372881356,246590.0
2025-01-06,23616.05078125,23616.05078125,24089.94921875,23551.900390625,24045.80078125,278100.0,-0.0161925959966257,-0.0163251287258849,0.0084967112752139,30.09683988390445,-137.99760491721463,-122.4278298791118,-15.56977503810282,312.01771763392856,-0.1095100864553314,249160.0
2025-01-07,23707.900390625,23707.900390625,23795.19921875,23637.80078125,23679.900390625,262300.0,0.0038892874268343,0.0038817437019732,0.0086032198476796,36.93036480224468,-142.49428444847217,-126.4411207929839,-16.053163655488277,298.7568359375,-0.0568140956490471,249870.0
2025-01-08,23688.94921875,23688.94921875,23751.849609375,23496.150390625,23746.650390625,266400.0,-0.0007993610384197,-0.0007996806978147,0.0085998114523358,38.84096378332401,-145.9052318724098,-130.33394300886908,-15.5712888635407,299.54966517857144,0.0156309569195578,250140.0
2025-01-09,23526.5,23526.5,23689.5,23503.05078125,23674.75,269200.0,-0.0068575949591475,-0.0068812163158634,0.0086351273139734,40.33636423360127,-159.87380092965395,-136.24191459302608,-23.631886336627872,289.3996930803572,0.0105105105105105,254235.0
2025-01-10,23431.5,23431.5,23596.599609375,23344.349609375,23551.900390625,261000.0,-0.0040379997024632,-0.0040461744370668,0.0086376983415631,45.96021720306545,-176.57426043684973,-144.30838376179082,-32.265876675058905,269.67103794642856,-0.0304606240713224,253980.0
2025-01-13,23085.94921875,23085.94921875,23340.94921875,23047.25,23195.400390625,316500.0,-0.0147472753024774,-0.0148570974223703,0.0086402693663962,34.18545076277806,-215.21172823665256,-158.48905265676316,-56.7226755798894,276.9709821428572,0.2126436781609195,254300.0
2025-01-14,23176.05078125,23176.05078125,23264.94921875,23134.150390625,23165.900390625,311200.0,0.0039028744993869,0.0038952780436351,0.0087941281982156,37.3178067748173,-235.84310425374133,-173.9598629761588,-61.88324127758253,276.7209821428572,-0.0167456556082148,260480.0
2025-01-15,23213.19921875,23213.19921875,23293.650390625,23146.44921875,23250.44921875,228000.0,0.0016028803979861,0.0016015971562733,0.0084976483515728,37.73581034184359,-246.35620891951112,-188.4391321648293,-57.91707675468183,272.8853236607143,-0.2673521850899742,258635.0
2025-01-16,23311.80078125,23311.80078125,23391.650390625,23272.05078125,23377.25,299400.0,0.0042476507253836,0.0042386549220649,0.0085819243033938,38.72658459220735,-243.9198419605564,-199.53527412397472,-44.38456783658165,272.1568080357143,0.3131578947368421,261840.0
2025-01-17,23203.19921875,23203.19921875,23292.099609375,23100.349609375,23277.099609375,272900.0,-0.0046586517926727,-0.0046695371314281,0.0083839550799404,39.798119596275285,-247.8946666569864,-209.20715263057707,-38.6875140264093,264.685546875,-0.0885103540414161,261930.0
2025-01-20,23344.75,23344.75,23391.099609375,23170.650390625,23290.400390625,301500.0,0.0061004855371675,0.0060819529090996,0.0078973664423359,43.49484502905653,-236.89203489029023,-214.7441290825197,-22.147905807770517,264.0461774553572,0.1048002931476732,254870.0
2025-01-21,23024.650390625,23024.650390625,23426.30078125,22976.849609375,23421.650390625,312900.0,-0.0137118456772935,-0.0138067213115826,0.0082134880984218,35.79553267524987,-251.10712659142155,-222.0167285843001,-29.09039800712145,277.5784040178572,0.0378109452736319,261025.0
2025-01-22,23155.349609375,23155.349609375,23169.55078125,22981.30078125,23099.150390625,276000.0,0.0056764909144164,0.0056604403518015,0.008370205178139,26.655988562956693,-248.95653851862156,-227.4046905711644,-21.551847947457134,256.4677734375,-0.1179290508149568,265940.0
2025-01-23,23205.349609375,23205.349609375,23270.80078125,23090.650390625,23128.30078125,275600.0,0.0021593282262408,0.0021570002277194,0.008390791786397,30.777200515121606,-240.44588930467216,-230.012930317866,-10.4329589868062,253.5892857142857,-0.0014492753623188,270835.0
2025-01-24,23092.19921875,23092.19921875,23347.30078125,23050.0,23183.900390625,264300.0,-0.0048760476583936,-0.0048879743646975,0.0083809902185575,35.47885161371359,-240.0641196364268,-232.02316818157811,-8.040951454848624,236.3929966517857,-0.0410014513788098,275210.0
2025-01-27,22829.150390625,22829.150390625,23007.44921875,22786.900390625,22940.150390625,257400.0,-0.0113912419355629,-0.0114566190908245,0.0085850774063644,27.752636534094947,-258.01319100447654,-237.22117274615783,-20.792018258318706,245.4037388392857,-0.0261066969353007,269835.0
2025-01-28,22957.25,22957.25,23137.94921875,22857.650390625,22960.44921875,361900.0,0.0056112298172781,0.0055955455120542,0.0087346295968352,32.44569190111147,-258.9167602343805,-241.5602902438024,-17.35646999057812,249.19656808035717,0.4059829059829059,278250.0
2025-01-29,23163.099609375,23163.099609375,23183.349609375,22976.5,23026.75,226300.0,0.0089666492883511,0.0089266875926458,0.0089603373922985,41.45945811962203,-240.25301503434457,-241.29883520191083,1.0458201675662622,252.0287388392857,-0.3746891406465874,281820.0
2025-01-30,23249.5,23249.5,23322.05078125,23139.19921875,23169.5,361900.0,0.0037300875997627,0.0037231480743501,0.0077445280491293,45.70532354790125,-216.00015769061795,-236.2390996996523,20.23894200903436,247.0717075892857,0.5992045956694654,285755.0
2025-01-31,23508.400390625,23508.400390625,23546.80078125,23277.400390625,23296.75,304900.0,0.0111357401503258,0.0110741942803563,0.0081475900339206,60.39367119872601,-173.88406840917378,-223.7680934415566,49.88402503238282,240.8610491071429,-0.1575020723956893,285385.0
2025-02-01,23482.150390625,23482.150390625,23632.44921875,23318.30078125,23528.599609375,281000.0,-0.0011166221250199,-0.0011172460119788,0.0073251275718348,57.775339073109215,-140.99956463129638,-207.21438767950457,66.21482304820819,250.51450892857144,-0.0783863561823549,285530.0
2025-02-03,23361.05078125,23361.05078125,23381.599609375,23222.0,23319.349609375,329700.0,-0.0051570919766934,-0.0051704356717334,0.0073348090005956,53.60200379899582,-123.28888732377165,-190.429287608358,67.14040028458638,258.5823102678572,0.1733096085409253,288900.0
2025-02-04,23739.25,23739.25,23762.75,23423.150390625,23509.900390625,376700.0,0.0161893068206311,0.0160596574106868,0.0082505865653342,59.16506275765144,-77.83826073156888,-167.9110822330002,90.07282150143132,274.5285993303572,0.1425538368213528,294415.0
2025-02-05,23696.30078125,23696.30078125,23807.30078125,23680.44921875,23801.75,267000.0,-0.0018092070621439,-0.0018108456539069,0.008101156946032,60.87901518859925,-44.76789825070591,-143.28244543654137,98.51454718583544,268.4857700892857,-0.2912131669763738,294305.0
2025-02-06,23603.349609375,23603.349609375,23773.55078125,23556.25,23761.94921875,307000.0,-0.0039226026346081,-0.0039303162184799,0.008097877026962,55.83036317407643,-25.762802915262,-119.7785169322855,94.0157140170235,268.26088169642856,0.1498127340823969,296605.0
2025-02-07,23559.94921875,23559.94921875,23694.5,23443.19921875,23649.5,368100.0,-0.0018387386257991,-0.0018404311807618,0.0073027201863246,63.789267562294285,-14.041317184757643,-98.63107698277994,84.5897597980223,254.10728236607144,0.1990228013029316,299185.0
2025-02-10,23381.599609375,23381.599609375,23568.599609375,23316.30078125,23543.80078125,234200.0,-0.0075700336923079,-0.0075988318246352,0.0075137300093247,55.68853689102601,-18.92512122428161,-82.68988583108028,63.76476460679866,258.6821986607143,-0.3637598478674273,295335.0
2025-02-11,23071.80078125,23071.80078125,23390.05078125,22986.650390625,23383.55078125,268000.0,-0.0132496849360461,-0.0133382451446241,0.0081063170980472,47.03019879170087,-47.249089353827,-75.60172653562962,28.35263718180262,274.62862723214283,0.1443210930828351,297335.0
2025-02-12,23045.25,23045.25,23144.69921875,22798.349609375,23050.80078125,279700.0,-0.0011507892904301,-0.0011514519568673,0.0080374087428843,48.91414136851254,-71.01979235442559,-74.68533969938882,3.6655473449632296,278.1321149553572,0.0436567164179104,296350.0
2025-02-13,23031.400390625,23031.400390625,23235.5,22992.19921875,23055.75,265700.0,-0.0006009745771905,-0.0006011552347958,0.0079790838760342,55.28717133882583,-89.93903229245188,-77.73607821800144,-12.202954074450446,273.7036830357143,-0.0500536288880943,295990.0
2025-02-14,22929.25,22929.25,23133.69921875,22774.849609375,23096.44921875,254500.0,-0.0044352661537063,-0.0044451311266271,0.0078785656152712,49.25796333295376,-111.8856014983976,-84.56598287408067,-27.31961862431692,277.2787388392857,-0.0421528039141889,293640.0
2025-02-17,22959.5,22959.5,22974.19921875,22725.44921875,22809.900390625,207400.0,0.0013192755977626,0.0013184061183492,0.0072833233223066,44.050620774515664,-125.39205199880234,-92.73119669902502,-32.660855299777324,278.89662388392856,-0.1850687622789784,288365.0
2025-02-18,22945.30078125,22945.30078125,22992.5,22801.5,22963.650390625,210600.0,-0.0006184463402948,-0.0006186376571162,0.007154685425972,40.71939993993679,-135.67776084386423,-101.32050952799288,-34.357251315871366,279.47865513392856,0.0154291224686595,285095.0
2025-02-19,22932.900390625,22932.900390625,23049.94921875,22814.849609375,22847.25,207000.0,-0.0005404326900405,-0.0005405787764224,0.0071286571491298,29.334219843233623,-143.17938428122943,-109.6922844786402,-33.48709980258924,275.0357142857143,-0.0170940170940171,281665.0
2025-02-20,22913.150390625,22913.150390625,22923.849609375,22812.75,22821.099609375,240800.0,-0.0008612081186238,-0.0008615791713867,0.0070570754187886,29.47180021984836,-149.00054926171288,-117.55393743525472,-31.446611826458152,261.1787109375,0.1632850241545893,280490.0
2025-02-21,22795.900390625,22795.900390625,22921.0,22720.30078125,22857.19921875,242800.0,-0.0051171487988824,-0.0051302862414602,0.0066699915435604,29.553892050553344,-161.2165554514213,-126.28646103848806,-34.930094412933244,256.9321986607143,0.0083056478405316,279760.0
2025-02-24,22553.349609375,22553.349609375,22668.05078125,22518.80078125,22609.349609375,214300.0,-0.0106401053300685,-0.0106971160111741,0.0069286743383286,2.4269889697989555,-188.29905503935152,-138.68897983866077,-49.61007520069074,248.0322265625,-0.1173805601317957,272380.0
2025-02-25,22547.55078125,22547.55078125,22625.30078125,22513.900390625,22516.44921875,250300.0,-0.0002571160481895,-0.0002571491081876,0.0065356917130865,2.501550547860248,-207.83426402517216,-152.51803667596306,-55.3162273492091,246.92857142857144,0.1679888007466168,273580.0
2025-02-27,22545.05078125,22545.05078125,22613.30078125,22508.400390625,22568.94921875,289200.0,-0.0001108767876499,-0.0001108829349354,0.0064349716555075,2.703792606817103,-220.9705757488191,-166.20854449053428,-54.76203125828482,238.89997209821428,0.1554135037954453,269945.0
2025-02-28,22124.69921875,22124.69921875,22450.349609375,22104.849609375,22433.400390625,551300.0,-0.0186449596666951,-0.018820968141259,0.0067887802357176,2.022396790907564,-262.2766930451362,-185.42217420145468,-76.85451884368152,252.39285714285717,0.9062932226832644,282265.0
2025-03-03,22119.30078125,22119.30078125,22261.55078125,22004.69921875,22194.55078125,282400.0,-0.0002440004922383,-0.0002440302652016,0.0068043528404773,2.2868178710800606,-292.080772060257,-206.7538937732152,-85.32687828704184,252.71805245535717,-0.4877562125884274,282335.0
2025-03-04,22082.650390625,22082.650390625,22105.05078125,21964.599609375,21974.44921875,253300.0,-0.0016569416451024,-0.0016583158911502,0.0067899475444303,2.8819119461279,-315.02666829506416,-228.408448677585,-86.61821961747916,234.9538225446429,-0.1030453257790368,278515.0
2025-03-05,22337.30078125,22337.30078125,22394.900390625,22067.80078125,22073.05078125,305900.0,0.0115316950692254,0.0114657118546871,0.0061549946080803,22.297037027978877,-309.10018354831845,-244.5467956517317,-64.55338789658674,233.5788225446429,0.2076589024871693,274975.0
2025-03-06,22544.69921875,22544.69921875,22556.44921875,22245.849609375,22476.349609375,372100.0,0.009284847776867,0.0092420085440883,0.0067418725110351,33.46015226236385,-284.38981235302344,-252.51539899199008,-31.87441336103336,238.38588169642856,0.2164105916966328,280230.0
2025-03-07,22552.5,22552.5,22633.80078125,22464.75,22508.650390625,289800.0,0.0003460139864501,0.0003459541374161,0.0067608790628442,36.31939381388316,-261.1666408341698,-254.24564736042603,-6.920993473743778,224.8288225446429,-0.22117710292932,279370.0
2025-03-10,22460.30078125,22460.30078125,22676.75,22429.05078125,22521.849609375,293900.0,-0.0040882039130917,-0.0040965834647173,0.0067723304465316,32.65342411458418,-247.350513751484,-252.86662063863764,5.516106887153683,224.75376674107144,0.0141476880607316,275660.0
2025-03-11,22497.900390625,22497.900390625,22522.099609375,22314.69921875,22345.94921875,347900.0,0.001674047455606,0.0016726478000064,0.0067136061273423,34.70215587881346,-230.7077044487924,-248.43483740066856,17.72713295187623,225.9252232142857,0.1837359646138141,281345.0
2025-03-12,22470.5,22470.5,22577.400390625,22329.55078125,22536.349609375,369700.0,-0.0012179087892316,-0.0012186510428671,0.0061595534580624,34.34980175230078,-217.2251049088081,-242.19289090229648,24.96778599348835,226.8359375,0.0626616843920666,286430.0
2025-03-13,22397.19921875,22397.19921875,22558.05078125,22377.349609375,22541.5,287500.0,-0.0032620894617386,-0.0032674216748287,0.0061749089578136,33.14820839632813,-210.0336706691196,-235.76104685566116,25.72737618654153,231.16099330357144,-0.222342439816067,286820.0
2025-03-17,22508.75,22508.75,22577.0,22353.150390625,22353.150390625,251100.0,0.0049805683362682,0.0049682063353279,0.0063372502383345,40.58616145692599,-193.1071721688568,-227.23027191830028,34.1230997494435,232.81459263392856,-0.1266086956521739,286090.0
2025-03-18,22834.30078125,22834.30078125,22857.80078125,22599.19921875,22662.25,272600.0,0.0144632989948354,0.0143597031826613,0.0071721081900244,58.73522692631408,-151.6751560684388,-212.119248748328,60.44409267988917,237.95396205357144,0.0856232576662683,286995.0
2025-03-19,22907.599609375,22907.599609375,22940.69921875,22807.94921875,22874.94921875,324000.0,0.0032100316461272,0.003204890493779,0.0072053364993456,60.74355456661534,-111.63848302174664,-192.0230956030117,80.38461258126509,239.4789341517857,0.1885546588407924,292825.0
2025-03-20,23190.650390625,23190.650390625,23216.69921875,22973.94921875,23036.599609375,313700.0,0.01235619558909,0.0122804808636645,0.0077207572705746,66.50136035743704,-56.41893631255152,-164.9022637449197,108.48332743236818,254.06459263392856,-0.0317901234567901,297980.0
2025-03-21,23350.400390625,23350.400390625,23402.69921875,23132.80078125,23168.25,541000.0,0.0068885519512889,0.0068649342763162,0.0078427561315517,86.14359088956132,0.2307818933695671,-131.87565461726186,132.10643651063145,241.9001116071429,0.7245776219317819,314680.0
2025-03-24,23658.349609375,23658.349609375,23708.75,23433.5,23515.400390625,311900.0,0.0131881772302988,0.013101970335,0.0082901467586195,88.51183663016481,69.17758389922528,-91.66500691396443,160.84259081318973,249.14997209821428,-0.4234750462107208,318235.0
2025-03-25,23668.650390625,23668.650390625,23869.599609375,23601.400390625,23751.5,338200.0,0.0004353972876416,0.0004353025297464,0.0081438351512193,90.21704461934978,123.22909982803684,-48.68618556556419,171.91528539360104,257.25697544642856,0.084321898044245,323005.0
2025-03-26,23486.849609375,23486.849609375,23736.5,23451.69921875,23700.94921875,278600.0,-0.0076810793285454,-0.0077107307525872,0.0079278124635401,80.26799333102258,149.6702069679559,-9.014907058860176,158.68511402681605,254.23563058035717,-0.1762270845653459,326220.0
2025-03-27,23591.94921875,23591.94921875,23646.44921875,23412.19921875,23433.94921875,510300.0,0.0044748278770025,0.0044648456029652,0.0079256374795633,79.14448094655208,177.06454513919743,28.20098338075135,148.86356175844608,248.78208705357144,0.8316582914572865,339220.0
2025-03-28,23519.349609375,23519.349609375,23649.19921875,23450.19921875,23600.400390625,295400.0,-0.0030773044101545,-0.0030820490476671,0.0080004620652942,75.97031885615117,190.7180942959967,60.70440556380042,130.01368873219627,250.9213169642857,-0.421124828532236,339530.0
2025-04-01,23165.69921875,23165.69921875,23565.150390625,23136.400390625,23341.099609375,314300.0,-0.0150365718652369,-0.0151507672965339,0.0075339629842573,66.61401052141545,171.03046667045055,82.76961778513045,88.2608488853201,263.853515625,0.0639810426540283,327680.0
2025-04-02,23332.349609375,23332.349609375,23350.0,23158.44921875,23192.599609375,341000.0,0.0071938424586863,0.0071680902053714,0.0075837062944062,68.52723330442325,166.95067029948768,99.6058282880019,67.34484201148578,262.72140066964283,0.0849506840598155,330610.0
2025-04-03,23250.099609375,23250.099609375,23306.5,23145.80078125,23150.30078125,283200.0,-0.0035251486188494,-0.0035313765959128,0.0076514045108054,66.89783867856875,155.29042333877078,110.74274729815568,44.54767604061509,258.3427734375,-0.1695014662756598,332105.0
2025-04-04,22904.44921875,22904.44921875,23214.69921875,22857.44921875,23190.400390625,466800.0,-0.0148666197750665,-0.0149782355814721,0.0082817724495667,59.83365719417869,116.8119602474544,111.95658988801544,4.855370359438965,273.4820033482143,0.6483050847457628,340150.0
2025-04-07,22161.599609375,22161.599609375,22254.0,21743.650390625,21758.400390625,647100.0,-0.0324325462830553,-0.0329701369044216,0.0109765208159197,44.59343294696095,26.07516750214927,94.78030541084222,-68.70513790869295,340.40694754464283,0.3862467866323906,353900.0
2025-04-08,22535.849609375,22535.849609375,22697.19921875,22270.849609375,22446.75,468300.0,0.0168873189028142,0.0167463133888997,0.0116686816535968,45.42133476360128,-15.45736433536149,72.73277146160147,-88.19013579696296,353.7318638392857,-0.2763096893834028,362825.0
2025-04-09,22399.150390625,22399.150390625,22468.69921875,22353.25,22460.30078125,383800.0,-0.0060658560080705,-0.006084328049671,0.0117136938227558,42.34851094497474,-58.72572593927907,46.44107198142537,-105.16679792070444,357.2925502232143,-0.1804398889600683,367320.0
2025-04-11,22828.55078125,22828.55078125,22923.900390625,22695.400390625,22695.400390625,402200.0,0.0191703874091904,0.0189889506738593,0.0124791806816932,44.78077245524828,-57.7020381894763,25.61244994724504,-83.31448813672134,372.6961495535714,0.04794163626889,370035.0
2025-04-15,23328.55078125,23328.55078125,23368.349609375,23207.0,23368.349609375,388300.0,0.0219023977821084,0.0216659860293088,0.0133242712336493,49.71319576369607,-16.35639065684518,17.218681826426995,-33.57507248327217,391.97474888392856,-0.0345599204375932,370965.0
2025-04-16,23437.19921875,23437.19921875,23452.19921875,23273.05078125,23344.099609375,348400.0,0.004657316201027,0.0046465044600635,0.0132785032605717,46.93684758984614,24.890432374781085,18.753031936097813,6.137400438683272,379.1746651785714,-0.1027556013391707,374010.0
2025-04-17,23851.650390625,23851.650390625,23872.349609375,23298.55078125,23401.849609375,505300.0,0.0176834769379541,0.0175289433936214,0.0137075186391458,52.2795216741405,89.98429965881951,32.99928548064216,56.98501417817735,401.0032087053572,0.4503444316877152,386720.0
2025-04-21,24125.55078125,24125.55078125,24189.55078125,23903.650390625,23949.150390625,406100.0,0.0114834984640164,0.0114180635667531,0.0135919713508932,57.77746806746632,161.807910034815,58.76101039147672,103.04689964333826,404.79603794642856,-0.1963190184049079,393395.0
2025-04-22,24167.25,24167.25,24242.599609375,24072.0,24185.400390625,440900.0,0.0017284255654137,0.0017269335569158,0.0135938991621968,57.115305271559166,219.56243806404385,90.92129592599017,128.64114213805368,400.2495814732143,0.0856931790199457,399240.0
2025-04-23,24328.94921875,24328.94921875,24359.30078125,24119.94921875,24357.599609375,415000.0,0.0066908406521222,0.0066685563231763,0.0134417668433855,59.79718087754038,275.20865909191707,127.77876855917556,147.42989053274152,403.1318359375,-0.0587434792469947,404305.0
2025-04-24,24246.69921875,24246.69921875,24347.849609375,24216.150390625,24277.900390625,358800.0,-0.0033807460922566,-0.0033864737270896,0.0134608260467095,64.00114544523618,309.10859113264814,164.04473307387008,145.06385805877807,381.9139229910714,-0.1354216867469879,395195.0
2025-04-25,24039.349609375,24039.349609375,24365.44921875,23847.849609375,24289.0,387700.0,-0.0085516633626838,-0.0085884386458094,0.0133849386678719,59.0615521873351,315.6050523411068,194.35679692731745,121.24825541378937,405.203125,0.0805462653288739,398985.0
2025-04-28,24328.5,24328.5,24355.099609375,24054.05078125,24070.25,320500.0,0.0120282118827472,0.0119564478312009,0.0136135300515351,63.12561956358951,340.16436163017715,223.51830986788937,116.64605176228778,414.43178013392856,-0.1733298942481299,398100.0
2025-04-29,24335.94921875,24335.94921875,24457.650390625,24290.75,24370.69921875,357600.0,0.0003061930965739,0.0003061462290345,0.0134472685952734,68.98643411655966,356.1237084477689,250.0393895838653,106.08431886390358,398.30678013392856,0.1157566302652106,402050.0
2025-04-30,24334.19921875,24334.19921875,24396.150390625,24198.75,24342.05078125,424500.0,-7.191007773188485e-05,-7.191266338548166e-05,0.0134392294697284,85.86689950880026,364.4294792199762,272.9174075110875,91.5120717088887,329.4926060267857,0.1870805369127517,397760.0
2025-05-02,24346.69921875,24346.69921875,24589.150390625,24238.5,24311.900390625,421100.0,0.0005136803511647,0.0005135484625769,0.0133968637692371,83.9498578152543,367.7809579820205,291.8901176052741,75.89084037674638,316.28194754464283,-0.0080094228504122,404045.0
2025-05-05,24461.150390625,24461.150390625,24526.400390625,24400.650390625,24419.5,291500.0,0.0047008906976129,0.0046898760166561,0.0128039653884615,88.98363914847359,375.34553245533607,308.5812005752865,66.76433188004955,316.07491629464283,-0.3077653763951555,402905.0
2025-05-06,24379.599609375,24379.599609375,24509.650390625,24331.80078125,24500.75,302400.0,-0.0033338898599493,-0.0033394596535795,0.0128303113418695,83.76470148054358,370.48927597482543,320.9628156551943,49.52646031963116,291.2963169642857,0.0373927958833619,400975.0
2025-05-07,24414.400390625,24414.400390625,24449.599609375,24220.0,24233.30078125,330100.0,0.0014274549954715,0.0014264371500933,0.0127600508865173,79.64129003364239,365.2385473108952,329.81796198633447,35.42058532456076,269.1392299107143,0.091600529100529,403320.0
2025-05-08,24273.80078125,24273.80078125,24447.25,24150.19921875,24431.5,411400.0,-0.0057588802970967,-0.0057755265883323,0.0122594471334123,72.44582692283507,345.74654265470235,333.00367812000803,12.74286453469432,277.5608258928572,0.2462890033323235,400550.0
2025-05-09,24008.0,24008.0,24164.25,23935.75,23935.75,335600.0,-0.0109501096942064,-0.0110105034287145,0.0096587693587111,54.55842743336123,305.3314163695977,327.469225769926,-22.137809400328308,260.7216796875,-0.1842489061740398,384975.0
2025-05-12,24924.69921875,24924.69921875,24944.80078125,24378.849609375,24420.099609375,368700.0,0.0381830730902199,0.0374721401846667,0.0120306546790172,66.94726831725163,343.3145865437182,330.6382979246845,12.6762886190337,303.5002790178572,0.0986293206197854,379995.0
2025-05-13,24578.349609375,24578.349609375,24973.80078125,24547.5,24864.05078125,423000.0,-0.0138958390765435,-0.0139932900771993,0.012530763373035,57.72046929572629,341.5320349460235,332.8170453289523,8.714989617071183,321.7646484375,0.1472742066720911,381955.0
2025-05-14,24666.900390625,24666.900390625,24767.55078125,24535.55078125,24613.80078125,345500.0,0.0036027960647213,0.0035963215412445,0.0120610383771256,56.526038755462224,343.3072259598412,334.9150814551301,8.392144504711041,321.2395368303572,-0.1832151300236406,379120.0
2025-05-15,25062.099609375,25062.099609375,25116.25,24494.44921875,24694.44921875,500800.0,0.0160214381414618,0.0158944494666119,0.0116654811996389,64.04796467121199,372.3115756748266,342.39438029906944,29.91719537575716,356.24679129464283,0.4494934876989869,384745.0
2025-05-16,25019.80078125,25019.80078125,25070.0,24953.05078125,25064.650390625,432700.0,-0.0016877607536591,-0.0016891866264205,0.0117229039126656,67.91007127765317,387.4186488412706,351.3992340075097,36.01941483376095,327.62890625,-0.1359824281150159,388960.0
2025-05-19,24945.44921875,24945.44921875,25062.94921875,24916.650390625,25005.349609375,255300.0,-0.0029717088137536,-0.0029761331077067,0.0112944977894055,62.22964371664587,388.908468714224,358.9010809488525,30.007387765371448,315.52525111607144,-0.409983822509822,376460.0
2025-05-20,24683.900390625,24683.900390625,25010.349609375,24669.69921875,24996.19921875,414800.0,-0.0104848313546668,-0.0105401844508155,0.0114223173561069,56.26611365255923,364.7794071834724,360.07674619577654,4.702660987695822,327.9359654017857,0.6247551899725812,376895.0
2025-05-21,24813.44921875,24813.44921875,24946.19921875,24685.349609375,24744.25,332700.0,0.0052483127088862,0.0052345883147392,0.0114578558456064,58.250839287251445,352.05222096640136,358.47184114990154,-6.419620183500172,332.5715680803572,-0.1979267116682739,371485.0
2025-05-22,24609.69921875,24609.69921875,24737.5,24462.400390625,24733.94921875,403300.0,-0.0082112727740422,-0.0082451709667342,0.0115783454121979,54.24810208366984,321.81522639785544,351.1405181994924,-29.32529180163692,332.6000279017857,0.2122031860535016,370900.0
2025-05-23,24853.150390625,24853.150390625,24909.05078125,24614.05078125,24639.5,270500.0,0.0098924887180058,0.0098438783734483,0.011715543264284,56.07846177701969,313.8784697042902,343.688108500452,-29.809638796161774,341.146484375,-0.3292834118522192,366485.0
2025-05-26,25001.150390625,25001.150390625,25079.19921875,24900.5,24919.349609375,302800.0,0.0059549794562796,0.0059373186446142,0.0115209348869761,59.44333594861855,315.8895182240958,338.1283904451808,-22.23887222108499,344.5892857142857,0.1194085027726432,362240.0
2025-05-27,24826.19921875,24826.19921875,25062.900390625,24704.099609375,24956.650390625,525700.0,-0.0069977248703164,-0.0070223237717306,0.0114367326288866,56.00097454180312,299.9090266501662,330.48451768617787,-30.57549103601167,353.8179408482143,0.7361294583883751,372500.0
2025-05-28,24752.44921875,24752.44921875,24864.25,24737.05078125,24832.5,684400.0,-0.0029706520659956,-0.0029750732108038,0.0114717351201723,57.113746563127,278.08774092528984,320.00516233400026,-41.917421408710425,341.68568638392856,0.3018832033479171,388840.0
2025-05-29,24833.599609375,24833.599609375,24892.599609375,24677.30078125,24825.099609375,345400.0,0.0032784792287758,0.0032731167331063,0.0114810924388873,62.98276057999146,264.2957363653404,308.86327714026834,-44.56754077492792,332.91768973214283,-0.4953243717124488,384885.0
2025-05-30,24750.69921875,24750.69921875,24863.94921875,24717.400390625,24812.599609375,853900.0,-0.0033382349691143,-0.0033438193068198,0.0115232884472806,46.29124516048458,243.8649809894232,295.8636179100993,-51.99863692067612,276.4711216517857,1.4722061378112334,406525.0
2025-06-02,24716.599609375,24716.599609375,24754.400390625,24526.150390625,24669.69921875,311100.0,-0.0013777230725331,-0.0013786730055621,0.0114974922865974,53.3992266452038,222.35869405257108,281.1626331385937,-58.80393908602264,262.3246372767857,-0.6356716243119803,407505.0
2025-06-03,24542.5,24542.5,24845.099609375,24502.150390625,24786.30078125,349300.0,-0.0070438333802584,-0.0070687582881646,0.0115935137095904,47.0647818990045,189.0867489062912,262.7474562921332,-73.66070738584204,270.2495814732143,0.1227900996464159,409850.0
2025-06-04,24620.19921875,24620.19921875,24644.25,24530.44921875,24560.44921875,280900.0,0.0031659048079861,0.0031609038835467,0.0116081616635878,37.73588792078221,167.0623791460239,243.6104408629114,-76.5480617168875,233.9638671875,-0.1958202118522759,407390.0
2025-06-05,24750.900390625,24750.900390625,24899.849609375,24613.099609375,24691.19921875,388400.0,0.0053086967621067,0.0052946553040901,0.0115586419245805,42.88624040360408,158.32927832506175,226.55420835534147,-68.22493003027972,246.0924944196429,0.3826984692061232,406240.0
2025-06-06,25003.05078125,25003.05078125,25029.5,24671.44921875,24748.69921875,335600.0,0.0101875239545026,0.0101359809008172,0.0113697932066193,51.39282185746103,169.79734413257393,215.202835510788,-45.40549137821404,261.21763392857144,-0.1359423274974253,406240.0
2025-06-09,25103.19921875,25103.19921875,25160.099609375,25077.150390625,25160.099609375,279200.0,0.0040054487100871,0.0039974482568901,0.0076052073255415,60.99713444738478,184.83633265261236,209.12953493915285,-24.29320228654052,248.1032366071429,-0.168057210965435,401765.0
2025-06-10,25104.25,25104.25,25199.30078125,25055.44921875,25196.05078125,307300.0,4.18584595869298e-05,4.18575835460567e-05,0.0068265180883612,58.17819893967391,194.59644201843184,206.22291635500864,-11.62647433657682,239.64271763392856,0.100644699140401,395980.0
2025-06-11,25141.400390625,25141.400390625,25222.400390625,25081.30078125,25134.150390625,301200.0,0.0014798446727146,0.0014787507816465,0.0068017056645654,66.49910847080014,202.98919200426465,205.57617148485988,-2.586979480595261,224.64634486607144,-0.0198503091441587,393765.0
2025-06-12,24888.19921875,24888.19921875,25196.19921875,24825.900390625,25164.44921875,328300.0,-0.0100710846627866,-0.0101221411211214,0.0062432435733333,51.08105144828966,187.05305714838323,201.8715486175645,-14.81849146918131,229.71400669642856,0.0899734395750331,385140.0
2025-06-13,24718.599609375,24718.599609375,24754.349609375,24473.0,24473.0,318700.0,-0.0068144588479197,-0.006837783295332,0.0064050914055957,41.39955626261835,158.90650906729206,193.27854070751005,-34.37203164021798,243.22474888392856,-0.0292415473652147,379440.0
2025-06-16,24946.5,24946.5,24967.099609375,24703.599609375,24732.349609375,305800.0,0.0092197937677085,0.0091775509175443,0.0067375874830123,53.54743661219055,153.22355801011872,185.2675441680318,-32.04398615791308,236.41755022321428,-0.0404769375588327,381965.0
2025-06-17,24853.400390625,24853.400390625,24982.05078125,24813.69921875,24977.849609375,242400.0,-0.0037319707924959,-0.00373895196994,0.00634077332018,52.943266651861215,139.59821659911177,176.13367865424783,-36.53546205513607,239.35700334821428,-0.2073250490516677,373345.0
2025-06-18,24812.05078125,24812.05078125,24947.55078125,24750.44921875,24788.349609375,237600.0,-0.0016637405234334,-0.0016651260767121,0.0062480820271138,49.35680914843234,124.03368435716766,165.71367979483182,-41.67999543766416,238.05719866071428,-0.0198019801980198,368590.0
2025-06-19,24793.25,24793.25,24863.099609375,24733.400390625,24803.25,274600.0,-0.0007577278241026,-0.0007580150449296,0.0059465565173023,51.32059093807661,108.92598356239978,154.35614054834542,-45.43015698594565,236.85365513392856,0.1557239057239057,362155.0
2025-06-20,25112.400390625,25112.400390625,25136.19921875,24783.650390625,24787.650390625,574700.0,0.0128724709598377,0.0127903249029659,0.0062279062292005,60.43722522774937,121.30743451592934,147.74639934186223,-26.438964825932885,245.7321428571429,1.0928623452294248,377365.0
2025-06-23,24971.900390625,24971.900390625,25057.0,24824.849609375,24939.75,248500.0,-0.0055948454872697,-0.0056105552585128,0.0062345964931771,61.52751517668291,118.4176033881704,141.88064015112388,-23.463036762953493,241.7751116071429,-0.5676004872107187,374650.0
2025-06-24,25044.349609375,25044.349609375,25317.69921875,24999.69921875,25179.900390625,450200.0,0.0029012296868362,0.00289702924233,0.0060431651782914,61.41876281005729,120.58342718108906,137.62119755711691,-17.03777037602785,258.34640066964283,0.8116700201207243,370875.0
2025-06-25,25244.75,25244.75,25266.80078125,25125.05078125,25150.349609375,260600.0,0.0080018205204253,0.0079699757193964,0.0062115343751927,62.81427408704042,136.89248351108108,137.47545474790977,-0.5829712368286835,253.7536272321429,-0.4211461572634385,349685.0
2025-06-26,25549.0,25549.0,25565.30078125,25259.900390625,25268.94921875,428900.0,0.0120520108141297,0.0119799636297515,0.0066733003958812,63.79320894447109,172.38086116550767,144.45653603142935,27.92432513407832,251.07505580357144,0.6458173445894091,353860.0
2025-06-27,25637.80078125,25637.80078125,25654.19921875,25523.55078125,25576.650390625,564000.0,0.003475704773181,0.0034696784710735,0.0065898151572453,63.584405993663296,205.30451439999524,156.62613170514254,48.6783826948527,249.18931361607144,0.3149918395896478,339365.0
2025-06-30,25517.05078125,25517.05078125,25669.349609375,25473.30078125,25661.650390625,271000.0,-0.0047098423546652,-0.0047209686111904,0.0067148628064859,59.88790643274854,219.12726819453744,169.12635900302155,50.00090919151592,252.9176897321429,-0.5195035460992907,337360.0
2025-07-01,25541.80078125,25541.80078125,25593.400390625,25501.80078125,25551.349609375,260700.0,0.0009699396772837,0.0009694695897414,0.0064027464078231,59.64819310222787,229.43424318234972,181.1879358388872,48.24630734346255,249.38197544642856,-0.0380073800738007,332930.0
2025-07-02,25453.400390625,25453.400390625,25608.099609375,25378.75,25588.30078125,309800.0,-0.0034610085397696,-0.0034670116851196,0.0065107195940398,64.79428397900662,227.84299022342748,190.51894671579527,37.32404350763221,239.3141741071429,0.1883390870732642,334375.0
2025-07-03,25405.30078125,25405.30078125,25587.5,25384.349609375,25505.099609375,293400.0,-0.0018897125192245,-0.0018915002785163,0.0064988454667033,69.19552529713971,220.1627748755673,196.4477123477497,23.715062527817565,224.16782924107144,-0.0529373789541639,329625.0
2025-07-04,25461.0,25461.0,25470.25,25331.650390625,25428.849609375,193500.0,0.0021924250859925,0.0021900252291445,0.0061622256223792,65.91401175378905,216.0797771685502,200.3741253119098,15.7056518566404,215.24637276785717,-0.3404907975460123,322520.0
2025-07-07,25461.30078125,25461.30078125,25489.80078125,25407.25,25450.44921875,196100.0,1.1813410706551508e-05,1.181334092876479e-05,0.0061217558876956,69.94814999967954,210.44239368392664,202.3877789863132,8.05461469761346,209.11774553571428,0.0134366925064599,318365.0
2025-07-08,25522.5,25522.5,25548.05078125,25424.150390625,25427.849609375,210400.0,0.0024036171315751,0.002400733064455,0.0061306322960304,73.01347086795107,208.5094252850431,203.6121082460592,4.897317038983942,203.8890904017857,0.072921978582356,313520.0
2025-07-09,25476.099609375,25476.099609375,25548.69921875,25424.349609375,25514.599609375,239100.0,-0.0018180190273288,-0.0018196736296237,0.0061569332632323,71.73087991606468,200.9173599051792,203.0731585778832,-2.155798672704009,203.50697544642856,0.1364068441064638,310415.0
2025-07-10,25355.25,25355.25,25524.05078125,25340.44921875,25511.650390625,219600.0,-0.004743646446198,-0.0047549332448686,0.0057704598380303,58.844727336359846,183.0390793308652,199.0663427284796,-16.027263397614405,191.43931361607144,-0.081555834378921,304980.0
2025-07-11,25149.849609375,25149.849609375,25322.44921875,25129.0,25255.5,250000.0,-0.008100901810276,-0.0081338924051924,0.0058678623326145,56.18846178925404,150.5607476705809,189.3652237168999,-38.804476046319,187.06068638392856,0.1384335154826959,301545.0
2025-07-14,25082.30078125,25082.30078125,25151.099609375,25001.94921875,25149.5,259500.0,-0.0026858541571485,-0.0026894675348791,0.0055739776357912,51.32432502429736,118.0104588251088,175.09427073854167,-57.08381191343287,173.01436941964286,0.038,299230.0
2025-07-15,25195.80078125,25195.80078125,25245.19921875,25088.44921875,25089.5,241300.0,0.0045251032187942,0.0045148957209608,0.0055664840242955,48.18160974916053,100.21737829004996,160.11889224884334,-59.90151395879337,168.76060267857142,-0.0701348747591522,299175.0
2025-07-16,25212.05078125,25212.05078125,25255.30078125,25121.05078125,25196.599609375,228800.0,0.0006449487413033,0.0006447408512447,0.0055387763553209,34.07535953624901,86.43114848862024,145.3813434967987,-58.9501950081785,155.45340401785714,-0.0518027351844176,298735.0
2025-07-17,25111.44921875,25111.44921875,25238.349609375,25101.0,25230.75,243400.0,-0.0039902173517283,-0.0039981995097579,0.0056334229688604,25.39838455246553,66.61980507167755,129.6290358117745,-63.00923074009694,155.93205915178572,0.0638111888111887,297175.0
2025-07-18,24968.400390625,24968.400390625,25144.599609375,24918.650390625,25108.55078125,317000.0,-0.0056965580472427,-0.0057128453177427,0.0050090922818059,24.87976835399344,38.92759468009172,111.48874758543796,-72.56115290534623,158.06780133928572,0.3023829087921117,284290.0
2025-07-21,25090.69921875,25090.69921875,25111.400390625,24882.30078125,24999.0,305200.0,0.0048981443028652,0.0048861874225141,0.0049720122602523,31.03974229732347,26.543831007995323,94.49976426994944,-67.95593326195412,167.88922991071428,-0.0372239747634068,287125.0
2025-07-22,25060.900390625,25060.900390625,25182.0,25035.55078125,25166.650390625,483700.0,-0.0011876443882732,-0.001188350196758,0.0049411872659041,32.648039097173054,14.161843767655228,78.4321801694906,-64.27033640183537,161.9677734375,0.584862385321101,288800.0
2025-07-23,25219.900390625,25219.900390625,25233.5,25085.5,25139.349609375,271500.0,0.0063445445902445,0.0063245026936848,0.0048129536613632,42.53559403067701,16.98322876434031,66.14238988846054,-49.15916112412023,159.78557477678572,-0.4387016745916891,289345.0
2025-07-24,25062.099609375,25062.099609375,25246.25,25018.69921875,25243.30078125,338700.0,-0.006256994627491,-0.0062766516572255,0.0040772994817932,35.159934140064266,6.41207800659322,54.19632751208708,-47.78424950549386,166.13922991071428,0.247513812154696,284835.0
2025-07-25,24837.0,24837.0,25010.349609375,24806.349609375,25010.349609375,278100.0,-0.0089816740370306,-0.0090222524286112,0.0043099168335302,30.102561676443926,-19.899898725336243,39.37708226460242,-59.27698098993866,178.51060267857142,-0.1789193976970771,270540.0
2025-07-28,24680.900390625,24680.900390625,24889.19921875,24646.599609375,24782.44921875,262100.0,-0.0062849623293875,-0.0063047958507558,0.0043839406093316,24.706948590829214,-52.74030632898212,20.953604545885515,-73.69391087486763,186.98911830357144,-0.0575332614167565,270095.0
2025-07-29,24821.099609375,24821.099609375,24847.150390625,24598.599609375,24609.650390625,284700.0,0.0056804742343701,0.0056644011802598,0.0046508195263129,31.365534685132214,-66.68495801184326,3.4258920343397588,-70.11085004618302,195.86063058035717,0.0862266310568484,271295.0
2025-07-30,24855.05078125,24855.05078125,24902.30078125,24771.94921875,24890.400390625,243900.0,0.0013678351245234,0.0013669004902461,0.0046645971957485,35.02933315874512,-74.14195678176475,-12.087677728881143,-62.0542790528836,192.0570591517857,-0.1433087460484721,268000.0
2025-07-31,24768.349609375,24768.349609375,24956.5,24635.0,24642.25,346300.0,-0.0034882717656889,-0.0034943699712402,0.004691048366364,37.70860287047618,-86.05574495014298,-26.881291173133512,-59.17445377700947,198.86063058035717,0.4198441984419845,270645.0
2025-08-01,24565.349609375,24565.349609375,24784.150390625,24535.05078125,24734.900390625,263400.0,-0.0081959437427822,-0.008229715141942,0.0048609096810042,34.68156305596679,-110.60294941311076,-43.62562282112897,-66.9773265919818,205.99986049107144,-0.2393878140340745,274140.0
2025-08-04,24722.75,24722.75,24736.25,24554.0,24596.05078125,259300.0,0.0064074150430544,0.0063869748254638,0.0051844357759975,36.337883574007215,-116.01850067283522,-58.10419839147022,-57.914302281365,207.38211495535717,-0.0155656795747911,277300.0
2025-08-05,24649.55078125,24649.55078125,24733.099609375,24590.30078125,24720.25,251800.0,-0.0029608040671041,-0.0029651959185494,0.0051124066976384,34.27188665272982,-124.77855970056773,-71.43907065328972,-53.33948904727799,207.99274553571428,-0.0289240262244504,279370.0
2025-08-06,24574.19921875,24574.19921875,24671.400390625,24539.19921875,24641.349609375,225100.0,-0.0030569142281212,-0.0030615961343119,0.0051210766228119,34.76274885612045,-136.23082677698767,-84.39742187802932,-51.83340489895835,207.625,-0.1060365369340746,278670.0
2025-08-07,24596.150390625,24596.150390625,24634.19921875,24344.150390625,24464.19921875,616700.0,0.0008932609229541,0.0008928622028389,0.0051049447185729,38.663713319090014,-141.89982200891973,-95.89790190420742,-46.00192010471231,212.2035435267857,1.7396712572190136,298525.0
2025-08-08,24363.30078125,24363.30078125,24585.5,24337.5,24544.25,312600.0,-0.0094669127354072,-0.0095120087930806,0.0052059589765567,29.245678365636465,-163.29914811503477,-109.37815114637289,-53.92099696866188,214.31431361607144,-0.4931084806226691,301655.0
2025-08-11,24585.05078125,24585.05078125,24600.849609375,24347.44921875,24371.5,241100.0,0.0091018044718578,0.0090606326859919,0.005715815092906,37.76329495765484,-160.51458425954115,-119.60543776900654,-40.90914649053461,221.95368303571428,-0.2287268074216251,300735.0
2025-08-12,24487.400390625,24487.400390625,24702.599609375,24465.650390625,24563.349609375,237000.0,-0.0039719417907191,-0.0039798509014786,0.0055992858367894,30.549695155471756,-164.29349463048493,-128.54304914130222,-35.75044548918271,226.55008370535717,-0.0170053919535462,300520.0
2025-08-13,24619.349609375,24619.349609375,24664.55078125,24535.25,24586.19921875,236000.0,0.0053884535167121,0.0053739877432256,0.0057881882678236,38.07986858240208,-154.85602525294962,-133.8056443636317,-21.05038088931792,222.95005580357144,-0.0042194092827003,300880.0
2025-08-14,24631.30078125,24631.30078125,24673.650390625,24596.900390625,24607.25,270200.0,0.000485438164071,0.0004853203770828,0.005759980307034,43.74395590034809,-144.74388567365168,-135.99329262563572,-8.750593048015958,210.16434151785717,0.1449152542372882,302220.0
2025-08-18,24876.94921875,24876.94921875,25022.0,24852.849609375,24938.19921875,363100.0,0.0099730192766349,0.0099236169088637,0.0061337996529832,55.65453891991586,-115.5758794713729,-131.90980999478316,16.33393052341026,220.7428850446429,0.3438193930421909,304525.0
2025-08-19,24980.650390625,24980.650390625,25012.650390625,24873.94921875,24891.349609375,252300.0,0.0041685646806257,0.0041599002852598,0.0061041976585923,54.70081437048563,-83.13389076478416,-122.15462614878336,39.02073538399921,212.896484375,-0.3051500963921785,301880.0
2025-08-20,25050.55078125,25050.55078125,25088.69921875,24929.69921875,24965.80078125,287100.0,0.0027981813736617,0.002794273751954,0.0061353123920396,55.64049507606238,-51.19288394178875,-107.96227770738444,56.769393765595694,214.9428013392857,0.1379310344827586,292050.0
2025-08-21,25083.75,25083.75,25153.650390625,25054.900390625,25142.0,226500.0,0.0013252889742787,0.0013244115539841,0.0059622266353701,59.38970002500276,-22.936113180847315,-90.95704480207702,68.0209316212297,199.3427734375,-0.2110762800417972,289800.0
2025-08-22,24870.099609375,24870.099609375,25084.849609375,24859.150390625,25064.150390625,210200.0,-0.0085174820600987,-0.0085539631092473,0.0061018102811936,59.01545949768767,-17.57957336750769,-76.28155051516316,58.70197714765547,197.6713169642857,-0.0719646799116997,283375.0
2025-08-25,24967.75,24967.75,25021.55078125,24894.349609375,24949.150390625,213000.0,0.0039264173509054,0.0039187290926014,0.0058187235655584,57.51348282033528,-5.392742371386703,-62.10378888640787,56.71104651502117,195.4714006696429,0.0133206470028544,280120.0
2025-08-26,24712.05078125,24712.05078125,24919.650390625,24689.599609375,24899.5,750500.0,-0.0102411798720348,-0.0102939815650658,0.0061133870967235,51.72375528708066,-16.180858130872366,-52.91920273530077,36.738344604428406,205.1393694196429,2.523474178403756,304540.0
2025-08-28,24500.900390625,24500.900390625,24702.650390625,24481.599609375,24695.80078125,326600.0,-0.0085444301039235,-0.0085811430237306,0.0062534974701087,48.119290192285526,-41.29259413895488,-50.5938810160316,9.30128687707672,212.1572265625,-0.5648234510326449,306635.0
2025-08-29,24426.849609375,24426.849609375,24572.44921875,24404.69921875,24466.69921875,325500.0,-0.0030223697933294,-0.0030269463766577,0.0062567150201952,45.76917445163558,-66.4036451380016,-53.75583384042561,-12.647811297575984,203.4215959821429,-0.0033680342927128,310715.0
2025-09-01,24625.05078125,24625.05078125,24635.599609375,24432.69921875,24432.69921875,229300.0,0.0081140701746054,0.0080813281022769,0.0065310782712883,56.65640179999404,-69.5098891029229,-56.90664489292507,-12.603244209997824,199.85728236607144,-0.2955453149001535,304865.0
2025-09-02,24579.599609375,24579.599609375,24756.099609375,24522.349609375,24653.0,271600.0,-0.0018457290617897,-0.0018474345185382,0.0062747961246118,49.847720167393234,-74.77715504720254,-60.48074692378057,-14.296408123421967,198.45368303571428,0.1844744875708679,305275.0
2025-09-03,24715.05078125,24715.05078125,24737.05078125,24533.19921875,24616.5,340300.0,0.005510715147017,0.0054955867098578,0.006230006465772,56.22793903131041,-67.2465473605589,-61.83390701113625,-5.412640349422659,196.0895647321429,0.2529455081001472,309325.0
2025-09-04,24734.30078125,24734.30078125,24980.75,24708.19921875,24980.75,314100.0,0.0007788776228048,0.0007785744550393,0.0061923814600104,53.35143390463261,-59.044543647538376,-61.27603433841668,2.231490690878303,202.90387834821428,-0.0769908903908316,312440.0
2025-09-05,24741.0,24741.0,24832.349609375,24621.599609375,24818.849609375,210100.0,0.0002708473067116,0.0002708106342015,0.0061450772493612,53.20813646375011,-51.411189457594446,-59.30306536225224,7.8918759046577875,212.4753069196429,-0.3311047437121935,311690.0
2025-09-08,24773.150390625,24773.150390625,24885.5,24751.55078125,24802.599609375,213200.0,0.0012994782193525,0.0012986346282709,0.0061476164232168,46.53126333941208,-42.28005527649657,-55.89846334510111,13.618408068604538,194.8896484375,0.0147548786292242,291515.0
2025-09-09,24868.599609375,24868.599609375,24891.80078125,24814.0,24864.099609375,226900.0,0.0038529301782352,0.0038455266535053,0.0057325982358732,46.23473416711296,-27.03002608587485,-50.12477589325586,23.094749807381007,193.4574497767857,0.0642589118198875,287230.0
2025-09-10,24973.099609375,24973.099609375,25035.69921875,24915.05078125,24991.0,244100.0,0.0042020862308871,0.0041932821216746,0.0054686747654072,47.4565356546815,-6.437780696232949,-41.38737685385128,34.94959615761833,194.03599330357144,0.0758043190832966,287380.0
2025-09-11,25005.5,25005.5,25037.30078125,24940.150390625,24945.5,224600.0,0.0012974116602184,0.0012965707489705,0.0053524959816735,47.42895353583062,12.353756461707237,-30.639150190739574,42.99290665244681,193.6110491071429,-0.0798852929127407,286760.0
2025-09-12,25114.0,25114.0,25139.44921875,25038.05078125,25074.44921875,225700.0,0.0043390454100098,0.0043296588950226,0.0053128383639785,58.60863282968037,35.59095786508624,-17.393128579574416,52.984086444660655,187.05747767857144,0.0048975957257346,286245.0
2025-09-15,25069.19921875,25069.19921875,25138.44921875,25048.75,25118.900390625,185400.0,-0.0017838966811339,-0.0017854897196444,0.0053487108020878,53.7194840757216,49.81729598322636,-3.951043667014261,53.76833965024062,182.64662388392856,-0.178555604785113,282005.0
2025-09-16,25239.099609375,25239.099609375,25261.400390625,25070.44921875,25073.599609375,240100.0,0.0067772563910986,0.0067543940269436,0.0051054454356637,70.6207885217014,73.94887642783578,11.628940351955748,62.31993607588004,176.50739397321428,0.2950377562028048,275855.0
2025-09-17,25330.25,25330.25,25346.5,25275.349609375,25276.599609375,268900.0,0.0036114755294653,0.003604969810507,0.0050872154277545,85.81095782739305,99.28391931688384,29.15993614494137,70.12398317194247,167.71805245535714,0.1199500208246564,276685.0
2025-09-18,25423.599609375,25423.599609375,25448.94921875,25329.75,25441.05078125,272200.0,0.0036853015416349,0.0036785274558399,0.0051102196312334,92.33368837037996,125.44856370354682,48.41766165666246,77.03090204688436,164.25013950892858,0.0122722201561917,275940.0
2025-09-19,25327.05078125,25327.05078125,25428.75,25286.30078125,25410.19921875,380400.0,-0.0037976065391384,-0.0038048357551339,0.0052074269569508,82.63290164660764,136.81641488308742,66.09741230194746,70.71900258113996,159.51436941964286,0.3975018368846437,283635.0
2025-09-22,25202.349609375,25202.349609375,25331.69921875,25151.05078125,25238.099609375,254500.0,-0.0049236357186648,-0.0049357967470806,0.0049349177870774,76.96233958639165,134.21601773876318,79.72113338931061,54.494884349452576,155.72140066964286,-0.3309674027339643,285850.0
2025-09-23,25169.5,25169.5,25261.900390625,25084.650390625,25209.0,299200.0,-0.001303434397354,-0.0013042846068432,0.0048919561959298,71.5941657757187,128.02866062154135,89.38263883575677,38.64602178578458,153.8212890625,0.1756385068762278,290160.0
2025-09-24,25056.900390625,25056.900390625,25149.849609375,25027.44921875,25108.75,244400.0,-0.0044736530076083,-0.0044836897383111,0.0043732930854547,64.07994585259152,112.73969505965944,94.05405008053732,18.68564497912212,144.49986049107142,-0.1831550802139037,264855.0
2025-09-25,24890.849609375,24890.849609375,25092.69921875,24878.30078125,25034.5,342500.0,-0.0066269482123226,-0.0066490039290245,0.0041765033366443,55.74157917187394,86.2301617697558,92.48927241838102,-6.259110648625224,144.76046316964286,0.4013911620294599,265650.0
2025-09-26,24654.69921875,24654.69921875,24868.599609375,24629.44921875,24818.55078125,291500.0,-0.0094874379272315,-0.0095327303668938,0.0047045723086329,46.07504954160265,45.63969670051301,83.11935727480741,-37.4796605742944,153.11049107142858,-0.1489051094890511,263950.0
2025-09-29,24634.900390625,24634.900390625,24791.30078125,24606.19921875,24728.55078125,394400.0,-0.0008030448049409,-0.0008033674181471,0.0043518098595462,41.8475165224501,11.738546078457148,68.84319503553736,-57.104648957080215,157.85700334821428,0.3530017152658662,272205.0
2025-09-30,24611.099609375,24611.099609375,24731.80078125,24587.69921875,24691.94921875,303000.0,-0.0009661407544825,-0.0009666077692868,0.0043362835220312,36.61838008929551,-16.854594891290617,51.70363705017177,-68.5582319414624,156.21428571428572,-0.2317444219066937,273775.0
2025-10-01,24836.30078125,24836.30078125,24867.94921875,24605.94921875,24620.55078125,308900.0,0.0091503904924759,0.0091087793157824,0.0046420945072819,44.52572272087315,-21.0997874115601,37.1429521578254,-58.2427395693855,167.9892578125,0.0194719471947195,272205.0
2025-10-03,24894.25,24894.25,24904.80078125,24747.55078125,24759.55078125,365900.0,0.0023332467769816,0.0023305289834215,0.0046642862263002,42.64977187325247,-19.562609828732093,25.801839760513904,-45.36444958924599,169.65359933035714,0.1845257364842991,274795.0
2025-10-06,25077.650390625,25077.650390625,25095.94921875,24881.650390625,24916.55078125,268800.0,0.0073671787912872,0.0073401736828141,0.0049221206227619,50.2586906796026,-3.505102101975353,19.94045138801605,-23.445553489991408,178.55357142857142,-0.2653730527466521,277730.0
2025-10-07,25108.30078125,25108.30078125,25220.900390625,25076.30078125,25085.30078125,288000.0,0.0012222193924698,0.0012214730903828,0.0049216453503687,45.62311854029444,11.560555934396689,18.264472297292183,-6.703916362895495,175.15345982142858,0.0714285714285714,281470.0
2025-10-08,25046.150390625,25046.150390625,25192.5,25008.5,25079.75,227400.0,-0.0024752925801897,-0.0024783611817054,0.004910575942072,40.305098889204366,18.27452402204653,18.26648264224305,0.0080413798034797,180.62486049107144,-0.2104166666666667,281495.0
2025-10-09,25181.80078125,25181.80078125,25199.25,25024.30078125,25074.30078125,286300.0,0.0054160175719368,0.0054014036910443,0.0049676417536642,41.98014876120859,34.14761252778408,21.44270861935126,12.704903908432817,184.60700334821428,0.2590149516270887,283605.0
2025-10-10,25285.349609375,25285.349609375,25330.75,25156.849609375,25167.650390625,232900.0,0.004112050167679,0.0041036187949703,0.005033009470182,48.62327110939162,54.4549517769774,28.04515725087649,26.409794526100907,186.853515625,-0.1865176388403772,284020.0
2025-10-13,25227.349609375,25227.349609375,25267.30078125,25152.30078125,25177.30078125,234300.0,-0.0022938183927065,-0.0022964532241035,0.0049898352599336,50.86337845385108,65.11791042774712,35.45970788625061,29.658202541496507,183.4535435267857,0.0060111635895234,284450.0
2025-10-14,25145.5,25145.5,25310.349609375,25060.55078125,25277.55078125,292100.0,-0.0032444791324643,-0.0032497538671527,0.0050314835326747,49.19829010311054,66.20068229313256,41.607902767627,24.59277952550556,188.63560267857144,0.2466922748612889,289785.0
2025-10-15,25323.55078125,25323.55078125,25365.150390625,25159.349609375,25181.94921875,289900.0,0.0070808208725219,0.0070558695749474,0.005052895773927,58.53416729905873,80.49806522421204,49.385935258944016,31.112129965268025,194.1784319196429,-0.0075316672372475,292275.0
2025-10-16,25585.30078125,25585.30078125,25625.400390625,25376.849609375,25394.900390625,372800.0,0.0103362282114798,0.0102831746738043,0.0054974993437971,70.94305259574188,111.66270352948412,61.84128891305204,49.821414616432094,200.42494419642856,0.2859606760952051,297470.0
2025-10-17,25709.849609375,25709.849609375,25781.5,25508.599609375,25546.849609375,422100.0,0.0048679837376106,0.0048561734175648,0.00553959080129,84.11745908648265,144.74245255321875,78.42152164108538,66.32093091213338,201.24637276785717,0.1322424892703861,304965.0
2025-10-20,25843.150390625,25843.150390625,25926.19921875,25788.5,25824.599609375,301100.0,0.0051848137299641,0.0051714188632333,0.0055305808351768,86.39632685528167,179.64382875354568,98.66598306357744,80.97784568996823,203.47837611607144,-0.2866619284529732,301000.0
2025-10-21,25868.599609375,25868.599609375,25934.349609375,25825.80078125,25901.19921875,42500.0,0.0009847568259027,0.000984272270986,0.0053510696173977,87.8423111646103,206.97112580504108,120.32701161187018,86.6441141931709,200.9388950892857,-0.858850880106277,290400.0
2025-10-23,25891.400390625,25891.400390625,26104.19921875,25862.44921875,26057.19921875,448400.0,0.0008814076368377,0.0008810194252249,0.0053169060290652,86.15584578995768,227.84162170515992,141.82993363052813,86.01168807463179,199.49246651785717,9.550588235294118,297860.0
2025-10-24,25795.150390625,25795.150390625,25944.150390625,25718.19921875,25935.099609375,284900.0,-0.0037174505259611,-0.0037243774174138,0.005275251997661,80.0821475760726,233.91860143653685,160.24766719172987,73.67093424480697,204.39969308035717,-0.3646297948260482,299885.0
2025-10-27,25966.05078125,25966.05078125,26005.94921875,25827.0,25843.19921875,266300.0,0.0066252915000297,0.0066034407150819,0.0050318745002329,79.91447763883573,249.6471084390469,178.12755544119327,71.5195529978536,204.14969308035717,-0.0652860652860652,296075.0
2025-10-28,25936.19921875,25936.19921875,26041.69921875,25810.05078125,25939.94921875,395200.0,-0.001149638146805,-0.0011502994876563,0.0043128433398945,77.89224330797778,256.7437102679214,193.8507864065389,62.89292386138251,210.36746651785717,0.4840405557641758,301260.0
2025-10-29,26053.900390625,26053.900390625,26097.849609375,25960.30078125,25982.0,321900.0,0.0045381040946781,0.0045278379478023,0.0042596126808151,82.72654388800231,268.7671389698262,208.8340569191964,59.93308205062982,208.77106584821428,-0.1854757085020243,297635.0
2025-10-30,25877.849609375,25877.849609375,26032.05078125,25845.25,25984.400390625,257400.0,-0.00675717564781,-0.00678010872612,0.0047036805435772,72.02612650141474,261.0803938477329,219.2833243049037,41.797069542829234,211.17829241071428,-0.2003727865796831,295355.0
2025-10-31,25722.099609375,25722.099609375,25953.75,25711.19921875,25863.80078125,334400.0,-0.0060186608373972,-0.0060368459800537,0.0048007909963761,63.37873961666312,239.65823862275647,223.35830716847423,16.299931454282216,216.08189174107144,0.2991452991452992,296630.0
2025-11-03,25763.349609375,25763.349609375,25803.099609375,25645.5,25696.849609375,23300.0,0.0016036793506921,0.0016023948300849,0.004799014863379,66.58925112859039,223.43394904622983,223.37343554402537,0.0605135022044578,217.83551897321428,-0.930322966507177,279500.0
2025-11-04,25597.650390625,25597.650390625,25787.400390625,25578.400390625,25744.75,305100.0,-0.0064315867797603,-0.0064523585455219,0.0049356070493634,63.30360005930565,194.95818393304216,217.69038522182876,-22.73220128878657,214.9213169642857,12.094420600858369,281315.0
2025-11-06,25509.69921875,25509.69921875,25679.150390625,25491.55078125,25593.349609375,371900.0,-0.0034359080045569,-0.0034418242922323,0.0050353674710244,55.78368760756271,163.41031796620518,206.834371770704,-43.42405380449884,212.63197544642856,0.2189446083251394,285510.0
2025-11-07,25492.30078125,25492.30078125,25551.25,25318.44921875,25433.80078125,305600.0,-0.0006820322478444,-0.0006822649376453,0.0049896337863591,46.59316285791967,135.44319357092536,192.55613613074829,-57.112942559822926,207.6999162946429,-0.1782737294971766,289420.0
2025-11-10,25574.349609375,25574.349609375,25653.44921875,25503.5,25503.5,243600.0,0.0032185728871263,0.003213404368611,0.0049083736335803,44.8767483421212,118.53332235871494,177.7515733763416,-59.21825101762667,199.71763392857144,-0.2028795811518324,287285.0
2025-11-11,25694.94921875,25694.94921875,25715.80078125,25449.25,25617.0,297700.0,0.0047156471705849,0.0047045633377707,0.0049317063988332,44.34217609873436,113.55452232938842,164.912163166951,-51.35764083756257,203.3034319196429,0.2220853858784892,290525.0
2025-11-12,25875.80078125,25875.80078125,25934.55078125,25781.150390625,25834.30078125,312600.0,0.0070384090258497,0.0070137550406647,0.0050618191979706,50.245756419195,122.78658971576442,156.48704847671368,-33.70045876094926,212.66434151785717,0.0500503862949277,294440.0
2025-11-13,25879.150390625,25879.150390625,26010.69921875,25808.400390625,25906.099609375,385200.0,0.0001294494962036,0.0001294411183406,0.0049581875839628,49.57631583924861,128.8876188749964,150.96716255637023,-22.07954368137382,209.8464006696429,0.2322456813819577,299095.0
2025-11-14,25910.05078125,25910.05078125,25940.19921875,25740.80078125,25767.900390625,518900.0,0.0011940264714482,0.0011933141887742,0.0047778160782222,54.16214457030061,134.66381112795716,147.70649227068762,-13.04268114273046,207.94977678571428,0.3470924195223261,310545.0
2025-11-17,26013.44921875,26013.44921875,26024.19921875,25906.349609375,25948.19921875,281800.0,0.0039906690408659,0.0039827274423519,0.0043253975225597,51.80524106082832,145.9029959571635,147.34579300798282,-1.4427970508193084,201.310546875,-0.4569281171709385,305995.0
2025-11-18,25910.05078125,25910.05078125,26029.849609375,25876.5,26021.80078125,280000.0,-0.0039748069020186,-0.0039827274423519,0.0043437965913406,49.05693072794128,144.79760448765956,146.83615530391816,-2.0385508162586063,195.7177734375,-0.00638750887154,298890.0
2025-11-19,26052.650390625,26052.650390625,26074.650390625,25856.19921875,25918.099609375,250100.0,0.0055036406751542,0.0054885509849837,0.0043628360005576,49.95571289778814,153.6569093037142,148.20030610387738,5.45660319983682,199.77497209821428,-0.1067857142857142,296340.0
2025-11-20,26192.150390625,26192.150390625,26246.650390625,26063.19921875,26132.099609375,240400.0,0.0053545415882216,0.0053402569993402,0.0045002407720103,61.43165246844471,169.97508932422716,152.55526274794735,17.419826576279803,198.728515625,-0.0387844862055177,306235.0
2025-11-21,26068.150390625,26068.150390625,26179.19921875,26052.19921875,26109.55078125,235600.0,-0.0047342428227803,-0.0047454848460117,0.0046562973406087,62.88402357225548,170.93121225398136,156.23045264915416,14.700759604827198,191.39997209821428,-0.0199667221297836,295595.0
2025-11-24,25959.5,25959.5,26142.80078125,25912.150390625,26122.80078125,464700.0,-0.004167936312968,-0.0041766463699224,0.0046780501773124,56.95398263668177,161.0651097444861,157.19738406822057,3.867725676265536,196.6178850446429,0.9724108658743632,304585.0
2025-11-25,25884.80078125,25884.80078125,26032.599609375,25857.5,25998.5,260500.0,-0.002877529180069,-0.0028816772264875,0.0044833218079718,60.882302869704894,145.54084548781975,154.86607635214042,-9.325230864320671,194.19642857142856,-0.4394232838390359,304295.0
2025-11-26,26205.30078125,26205.30078125,26215.150390625,25842.94921875,25842.94921875,275300.0,0.0123817835303625,0.0123057561748778,0.0052751514664985,72.41136715456159,157.28632681963063,155.35012644563847,1.9362003739921647,207.3822544642857,0.056813819577735,298300.0
2025-11-27,26215.55078125,26215.55078125,26310.44921875,26141.900390625,26261.25,240300.0,0.0003911422381892,0.0003910657620054,0.0051901072205995,73.40999608046428,165.5138540531625,157.38287196714327,8.13098208601923,202.79282924107144,-0.12713403559753,294220.0
2025-11-28,26202.94921875,26202.94921875,26280.75,26172.400390625,26237.44921875,202500.0,-0.0004806903583736,-0.0004808059270205,0.00492237566027,71.30414521422435,169.06847178253156,159.71999193022094,9.348479852310618,199.021484375,-0.1573033707865169,291475.0
2025-12-01,26175.75,26175.75,26325.80078125,26124.19921875,26325.80078125,213800.0,-0.0010380212747401,-0.0010385603919326,0.0046884195011648,67.39638631185586,167.7569842140001,161.3273903869768,6.429593827023325,194.3822544642857,0.0558024691358025,285445.0
2025-12-02,26032.19921875,26032.19921875,26154.599609375,25997.849609375,26087.94921875,254800.0,-0.0054841133969418,-0.005499206353098,0.0048945764343226,55.81580805131647,153.3663605866495,159.73518442691133,-6.368823840261797,189.9750279017857,0.1917680074836296,297020.0
2025-12-03,25986.0,25986.0,26066.44921875,25891.0,26004.900390625,265700.0,-0.0017746951904364,-0.001776271827589,0.0046506318695117,53.85058272203476,136.6584829089552,155.11984412332012,-18.461361214364928,188.05719866071428,0.042778649921507,295050.0
2025-12-04,26033.75,26033.75,26098.25,25938.94921875,25981.849609375,248100.0,0.0018375278996383,0.0018358417105443,0.0045483849938095,54.40431154381085,125.82002053573524,149.25987940580313,-23.43985887006789,185.1930803571429,-0.0662401204365825,288860.0
2025-12-05,26186.44921875,26186.44921875,26202.599609375,25985.349609375,25999.80078125,249300.0,0.0058654330916598,0.0058482984078969,0.0046533158213721,55.95075257779056,128.0756356075908,145.02303064616066,-16.94739503856985,192.29310825892856,0.0048367593712213,286045.0
2025-12-08,25960.55078125,25960.55078125,26178.69921875,25892.25,26159.80078125,320700.0,-0.0086265394598917,-0.0086639634331101,0.0051326778117271,51.60205808947633,110.36291581366096,138.09100767966072,-27.72809186599977,202.35379464285717,0.286401925391095,289900.0
2025-12-09,25839.650390625,25839.650390625,25923.650390625,25728.0,25867.099609375,276000.0,-0.0046570811090926,-0.0046679590975771,0.0051803750359079,43.14847484205606,85.58325614390196,127.58945737250896,-42.00620122860701,203.36090959821428,-0.1393826005612721,288815.0
2025-12-10,25758.0,25758.0,25947.650390625,25734.55078125,25864.05078125,207900.0,-0.0031598875909956,-0.00316489057782,0.0049795488929031,35.49494735935414,58.68026363319223,113.80761862464564,-55.1273549914534,204.72516741071428,-0.2467391304347825,283580.0
2025-12-11,25898.55078125,25898.55078125,25922.80078125,25693.25,25771.400390625,206100.0,0.0054565875164998,0.0054417542776163,0.0051389438538338,44.39562311945033,48.14572767883874,100.67524043548426,-52.52951275664552,211.12513950892856,-0.0086580086580086,274625.0
2025-12-12,26046.94921875,26046.94921875,26057.599609375,25938.44921875,25971.19921875,216300.0,0.0057299900196514,0.0057136360690816,0.0052899654928702,52.815769415564645,51.18155660145203,90.77650366867782,-39.59494706722579,206.0107421875,0.049490538573508,259495.0
2025-12-15,26027.30078125,26027.30078125,26047.150390625,25904.75,25930.05078125,181600.0,-0.0007543469807149,-0.000754631643564,0.0052205844460318,54.75698682439834,51.4093927191534,82.90308147877295,-31.493688759619545,203.67508370535717,-0.1604253351826167,254485.0
2025-12-16,25860.099609375,25860.099609375,25980.75,25834.349609375,25951.5,264400.0,-0.0064240688375742,-0.0064447919666699,0.0053469068302556,37.16245171655895,37.66404955388498,73.85527509379536,-36.19122553991038,190.8715122767857,0.4559471365638767,253705.0
2025-12-17,25818.55078125,25818.55078125,25929.150390625,25770.349609375,25902.400390625,206500.0,-0.0016066770334456,-0.0016079691231565,0.0051899858506229,35.57199804658664,23.15124967877273,63.71447001079083,-40.563220332018105,190.1752232142857,-0.2189863842662632,251525.0
2025-12-18,25815.55078125,25815.55078125,25902.349609375,25726.30078125,25764.69921875,197600.0,-0.0001161955225689,-0.0001162022737916,0.0050096320597783,35.821996534627985,11.277674281707732,53.227110864974215,-41.94943658326648,195.01088169642856,-0.0430992736077482,249385.0
2025-12-19,25966.400390625,25966.400390625,25993.349609375,25880.44921875,25911.5,382900.0,0.0058433620360547,0.0058263558129651,0.0051197832879115,42.97411775810466,13.88008206284212,45.3577051045478,-31.47762304170568,193.31068638392856,0.9377530364372472,256750.0
2025-12-22,26172.400390625,26172.400390625,26180.69921875,26047.80078125,26055.849609375,253000.0,0.0079333291061156,0.0079020257019083,0.0053346279591935,54.5159321820641,32.19387639777415,42.72493936319307,-10.531062965418926,195.9105747767857,-0.3392530686863411,246165.0
2025-12-23,26177.150390625,26177.150390625,26233.55078125,26119.05078125,26205.19921875,216600.0,0.0001814888939914,0.0001814724268745,0.0052786069644839,56.32594017475208,46.55432635935722,43.4908167624259,3.0635095969313184,191.5570591517857,-0.1438735177865612,243970.0
2025-12-24,26142.099609375,26142.099609375,26236.400390625,26123.0,26170.650390625,188800.0,-0.0013389838361685,-0.0013398810760412,0.0044971222814283,53.616122004925366,54.47878379240137,45.688410168420994,8.79037362398038,188.27845982142856,-0.1283471837488458,239645.0
2025-12-26,26042.30078125,26042.30078125,26144.19921875,26008.599609375,26121.25,142200.0,-0.003817552133005,-0.003824857583702,0.0045702572028703,45.01301411145917,52.10540336908525,46.971808808553845,5.133594560531407,182.4462890625,-0.246822033898305,234740.0
2025-12-29,25942.099609375,25942.099609375,26106.80078125,25920.30078125,26063.349609375,234300.0,-0.0038476313101776,-0.0038550524856079,0.0046379375584189,49.30085300817485,41.65886763578965,45.90922057400101,-4.250352938211357,174.75348772321428,0.6476793248945147,236330.0
2025-12-30,25938.849609375,25938.849609375,25976.75,25878.0,25940.900390625,396900.0,-0.0001252789885528,-0.0001252868366208,0.0046367507600291,54.12677209882802,32.74025567795252,43.27542759479131,-10.535171916838792,165.1962890625,0.6939820742637643,245485.0
2025-12-31,26129.599609375,26129.599609375,26187.94921875,25969.0,25971.05078125,246300.0,0.007353834224439,0.00732692662105,0.0047884695469393,64.17239370648852,40.59615507648414,42.73957309112988,-2.1434180146457398,167.76771763392858,-0.3794406651549509,245060.0
2026-01-01,26146.55078125,26146.55078125,26197.55078125,26113.400390625,26173.30078125,425600.0,0.0006487344669803,0.0006485241297397,0.0047665453995301,60.44299841433807,47.64065800180833,43.71979007326557,3.920867928542762,157.38197544642858,0.7279740154283394,253055.0
2026-01-02,26328.55078125,26328.55078125,26340.0,26118.400390625,26155.099609375,357500.0,0.0069607651702385,0.0069366508822873,0.0049851142201906,61.53159551597052,67.1354604874432,48.4029241561011,18.732536331342097,161.84988839285714,-0.1600093984962406,258525.0
2026-01-05,26250.30078125,26250.30078125,26373.19921875,26210.05078125,26333.69921875,338800.0,-0.002972058760474,-0.0029764840975281,0.0048821002687225,58.71364987880749,75.40192442362604,53.8027242096061,21.599200214019945,163.33189174107142,-0.0523076923076922,263000.0
2026-01-06,26178.69921875,26178.69921875,26273.94921875,26124.75,26189.69921875,383000.0,-0.0027276473171363,-0.0027313741255683,0.0044872686975464,63.45435320161859,75.30741198703254,58.10366176509139,17.20375022194115,160.20675223214286,0.1304604486422669,266115.0
2026-01-07,26140.75,26140.75,26187.150390625,26067.900390625,26143.099609375,338200.0,-0.0014496220164682,-0.0014506737349826,0.004351217815143,63.64785576951715,71.34787155110462,60.75250372229404,10.59536782881058,157.38169642857142,-0.1169712793733681,269225.0
2026-01-08,25876.849609375,25876.849609375,26133.19921875,25858.44921875,26106.5,328500.0,-0.0100953641584499,-0.0101466679260642,0.0049065855093646,52.12650773022996,46.38070333575888,57.87814364498701,-11.497440309228132,164.97112165178572,-0.0286812536960378,275255.0
2026-01-09,25683.30078125,25683.30078125,25940.599609375,25623.0,25840.400390625,348800.0,-0.0074796132854935,-0.0075077258614666,0.0050339462429332,40.46161601139234,10.851184076323989,48.47275173125441,-37.62156765493042,174.95689174107142,0.0617960426179604,282390.0
2026-01-12,25790.25,25790.25,25813.150390625,25473.400390625,25669.05078125,275800.0,0.0041641539637333,0.0041555078687529,0.0049448942318138,36.20347062100283,-8.577432469686755,37.062714891066186,-45.64014736075294,183.9176897321429,-0.209288990825688,285365.0
2026-01-13,25732.30078125,25732.30078125,25899.80078125,25603.30078125,25897.349609375,339500.0,-0.0022469428853927,-0.0022494710493611,0.004960436497116,34.533967647789794,-28.32426422260687,23.985319068331577,-52.30958329093845,196.9176897321429,0.2309644670050761,293260.0
2026-01-14,25665.599609375,25665.599609375,25791.75,25603.94921875,25648.55078125,393100.0,-0.0025921184600641,-0.0025954838159783,0.0047931206784611,33.79032022303193,-48.79353626722877,9.429548001219503,-58.22308426844828,202.23200334821428,0.157879234167894,299695.0
2026-01-16,25694.349609375,25694.349609375,25873.5,25662.400390625,25696.05078125,434000.0,0.001120176439965,0.0011195495104741,0.0047947696122877,37.56208450334492,-61.98121623076804,-4.852604845178005,-57.128611385590034,207.62486049107144,0.1040447723225641,311070.0
2026-01-19,25585.5,25585.5,25653.30078125,25494.349609375,25653.099609375,443100.0,-0.0042363247573811,-0.0042453234042252,0.0048774136084935,37.331266505594726,-80.29026519814943,-19.940136915772293,-60.350128282377135,208.58914620535717,0.0209677419354838,323345.0
2026-01-20,25232.5,25232.5,25585.0,25171.349609375,25580.30078125,409800.0,-0.0137968771374411,-0.0138929386360228,0.0054857870830806,29.900707044097715,-121.87951706491732,-40.328012945601294,-81.55150411931601,231.11774553571428,-0.0751523358158429,324690.0
2026-01-21,25157.5,25157.5,25300.94921875,24919.80078125,25141.0,395600.0,-0.0029723570791637,-0.0029767833055262,0.0050304413120062,20.38810228975116,-159.05765437289665,-64.07394123106036,-94.98371314183628,240.5498046875,-0.0346510492923377,331820.0
2026-01-22,25289.900390625,25289.900390625,25435.75,25168.5,25344.150390625,486400.0,0.0052628596094603,0.0052490591625262,0.0052672240698464,25.61970056931186,-175.8113472637924,-86.42142243760678,-89.38992482618563,254.4140625,0.2295247724974722,345310.0
2026-01-23,25048.650390625,25048.650390625,25347.94921875,25025.30078125,25344.599609375,393900.0,-0.0095393811867061,-0.0095851725301575,0.0055485348207878,14.762384617618252,-206.17892605564705,-110.37292316121484,-95.80600289443218,261.6318359375,-0.190172697368421,355565.0
2026-01-27,25175.400390625,25175.400390625,25246.650390625,24932.55078125,25063.349609375,618700.0,0.0050601528634628,0.0050473933153695,0.0057567366892693,21.17610705213815,-217.5104601398016,-131.8004305569322,-85.71002958286937,272.4140625,0.5707032241685708,379390.0
2026-01-28,25342.75,25342.75,25372.099609375,25187.650390625,25258.849609375,574900.0,0.0066473464881742,0.0066253503042048,0.0060206018563151,28.67854673417702,-210.55986461296925,-147.55231736813963,-63.00754724482962,275.8069196428572,-0.0707935994827865,396420.0
2026-01-29,25418.900390625,25418.900390625,25458.150390625,25159.80078125,25345.0,582400.0,0.0030048195489833,0.0030003141018364,0.0060889578891254,31.940656159693987,-196.64002368467845,-157.3698586314474,-39.27016505323104,288.59974888392856,0.0130457470864497,405695.0
2026-01-30,25320.650390625,25320.650390625,25370.69921875,25213.650390625,25247.55078125,508400.0,-0.0038652340774046,-0.0038727233995256,0.0057887863428736,34.82733119930438,-191.3308602943107,-164.16205896402008,-27.16880133029062,283.0961216517857,-0.1270604395604395,418800.0
2026-02-02,25088.400390625,25088.400390625,25108.099609375,24679.400390625,24796.5,449200.0,-0.0091723552285208,-0.0092146802912144,0.0060045220354212,34.10716726897425,-203.51791621018856,-172.0332304132538,-31.48468579693477,306.21400669642856,-0.1164437450826121,419980.0
2026-02-03,25727.55078125,25727.55078125,26341.19921875,25641.30078125,26308.05078125,637300.0,0.0254759323302189,0.0251568290498399,0.008411258720286,48.69583163382209,-159.76053095242605,-169.57869052108825,9.818159568662196,371.43178013392856,0.4187444345503117,433970.0
2026-02-04,25776.0,25776.0,25818.55078125,25563.94921875,25675.05078125,429800.0,0.0018831648283172,0.0018813938963879,0.008425061254342,50.912567441238224,-119.7921514803602,-159.62138271294265,39.82923123258246,368.4390345982143,-0.3255923426957476,438520.0
2026-02-05,25642.80078125,25642.80078125,25757.650390625,25579.5,25755.900390625,343800.0,-0.0051675674561607,-0.0051809655096962,0.0084707987020721,49.53675961105745,-97.73832003950884,-147.2447701782559,49.506450138747056,369.0604073660714,-0.2000930665425779,436560.0
2026-02-06,25693.69921875,25693.69921875,25703.94921875,25491.900390625,25605.80078125,375500.0,0.0019849016468285,0.0019829343324083,0.0084959748904322,49.9869028506162,-75.28557594722224,-132.85293133204917,57.567355384826925,369.1282087053572,0.0922047702152413,438425.0
2026-02-09,25867.30078125,25867.30078125,25922.25,25780.900390625,25888.69921875,359400.0,0.0067565810988132,0.0067338577022977,0.0083631198056207,55.53049549915595,-42.98788170458283,-114.8799214065559,71.89203970197306,371.1675502232143,-0.0428761651131823,439970.0
2026-02-10,25935.150390625,25935.150390625,25989.44921875,25870.44921875,25922.650390625,460900.0,0.0026229876069705,0.0026195535786092,0.0081899543743377,65.52785031400393,-11.781025562006109,-94.26014223764597,82.47911667563984,350.31026785714283,0.2824151363383416,445575.0
2026-02-11,25953.849609375,25953.849609375,26009.400390625,25899.80078125,25997.44921875,331400.0,0.0007209990483325,0.0007207392533858,0.0081453809418381,68.04759919227973,14.294722775481205,-72.54916923502051,86.84389201050172,330.91392299107144,-0.2809720112822738,448355.0
2026-02-12,25807.19921875,25807.19921875,25906.69921875,25752.400390625,25906.69921875,419400.0,-0.0056504292362096,-0.0056664533018943,0.0082374704794733,61.64826127302873,22.86293065071368,-53.46674925787367,76.32967990858735,325.4281529017857,0.2655401327700664,452350.0
2026-02-13,25471.099609375,25471.099609375,25630.349609375,25444.30078125,25571.150390625,453500.0,-0.0130234825765521,-0.01310903170256,0.0087371382892815,59.12280316974536,2.504002960075013,-42.27259881428394,44.77660177435895,328.3031529017857,0.081306628516929,455370.0
2026-02-16,25682.75,25682.75,25697.0,25372.69921875,25423.599609375,275800.0,0.0083094328030934,0.0082750995285778,0.0089459513892677,60.56869122413293,3.4085323353865533,-33.13637258434984,36.5449049197364,329.0318080357143,-0.3918412348401323,447460.0
2026-02-17,25725.400390625,25725.400390625,25764.400390625,25570.30078125,25637.94921875,344100.0,0.0016606629206374,0.0016592855446634,0.0088954854066004,58.40787035407838,7.480675886297831,-25.012962890220308,32.49363877651814,328.8461216517857,0.247643219724438,442510.0
2026-02-18,25819.349609375,25819.349609375,25828.05078125,25645.150390625,25752.650390625,310200.0,0.0036520021971839,0.0036453498285502,0.0082729795274626,58.73066971897318,18.080376450270705,-16.394295022122108,34.474671472392814,320.59974888392856,-0.0985178727114211,437530.0
2026-02-19,25454.349609375,25454.349609375,25885.30078125,25388.75,25873.349609375,298200.0,-0.0141366845223501,-0.0142375592650905,0.0089194796829736,52.611213256330245,-2.937868138644262,-13.70300964542654,10.765141506782278,341.40694754464283,-0.0386847195357833,432660.0
2026-02-20,25571.25,25571.25,25663.55078125,25379.75,25406.55078125,296600.0,0.0045925506806878,0.0045820370969653,0.0089023757872802,59.87524276769957,-10.046286520118883,-12.971665020365007,2.9253785002461257,315.87486049107144,-0.005365526492287,423170.0
2026-02-23,25713.0,25713.0,25771.44921875,25609.349609375,25678.400390625,313700.0,0.0055433347998239,0.00552802706402,0.0086338550562644,49.626394876043335,-4.19338027745107,-11.216008071782223,7.022627794331154,240.6891741071429,0.0576534052596089,419160.0
2026-02-24,25424.650390625,25424.650390625,25641.80078125,25327.599609375,25641.80078125,439100.0,-0.0112141566279703,-0.0112775093593249,0.0090233952281436,41.96822669753927,-22.562230205247037,-13.485252498475187,-9.076977706771846,250.0319475446429,0.3997449792795664,410180.0
2026-02-25,25482.5,25482.5,25652.599609375,25428.19921875,25512.599609375,414200.0,0.0022753354908011,0.0022727508349003,0.0089197915855497,46.2048179400199,-32.08187620759054,-17.20457724029826,-14.87729896729228,252.2783203125,-0.056706900478251,402145.0
2026-02-26,25496.55078125,25496.55078125,25572.94921875,25400.94921875,25556.30078125,405200.0,0.0005513894339252,0.0005512374746279,0.0088976613133833,45.24955149817494,-38.05382284808729,-21.374426361856067,-16.679396486231227,249.4176897321429,-0.0217286335103814,393285.0
2026-02-27,25178.650390625,25178.650390625,25476.400390625,25141.30078125,25459.849609375,438900.0,-0.0124683685002122,-0.0125467508213512,0.0093027649752631,34.48531074788768,-67.65861194279933,-30.631263478044723,-37.0273484647546,258.46763392857144,0.0831688055281343,389810.0
2026-03-02,24865.69921875,24865.69921875,24989.349609375,24603.5,24659.25,519200.0,-0.0124292274216383,-0.0125071163411356,0.0094938927579729,28.30244753720679,-115.04697480825416,-47.514405744086616,-67.53256906416755,290.82491629464283,0.1829573934837092,393310.0
2026-03-04,24480.5,24480.5,24602.44921875,24305.400390625,24388.80078125,599000.0,-0.0154911878954741,-0.0156124301004293,0.0079025725154514,23.97783430508325,-181.59167570217687,-74.32985973570467,-107.2618159664722,323.01771763392856,0.1536979969183358,391395.0
2026-03-05,24765.900390625,24765.900390625,24854.19921875,24529.400390625,24615.94921875,504300.0,0.0116582745705766,0.0115908404915584,0.0084668983559541,32.46795270199614,-208.89143383756164,-101.24217455607608,-107.64925928148556,335.3212890625,-0.1580968280467445,395120.0
2026-03-06,24450.44921875,24450.44921875,24700.900390625,24415.75,24656.400390625,433400.0,-0.012737318930444,-0.0128191340565902,0.0087810687183625,32.695284171625545,-253.0638001178486,-131.60649966843056,-121.45730044941804,334.4107142857143,-0.140590918104303,399600.0
2026-03-09,24028.05078125,24028.05078125,24078.150390625,23697.80078125,23868.05078125,526900.0,-0.0172756923081839,-0.0174266583016686,0.0093212113654996,23.816399619734725,-318.48346329907145,-168.98189239455874,-149.5015709045127,365.00697544642856,0.2157360406091371,407170.0
2026-03-10,24261.599609375,24261.599609375,24303.80078125,24079.94921875,24280.80078125,444300.0,0.0097198407915488,0.0096729070198326,0.0095111613790867,28.15678630509724,-347.47806823963765,-204.6811275635745,-142.79694067606312,370.8391462053572,-0.156765989751376,411415.0
2026-03-11,23866.849609375,23866.849609375,24299.0,23834.30078125,24231.849609375,407400.0,-0.0162705677430874,-0.0164043869588853,0.0098395790134167,23.264411885526485,-397.7248035265293,-243.28986275616552,-154.43494077036377,390.9676339285714,-0.0830519918973666,408740.0
2026-03-12,23639.150390625,23639.150390625,23833.150390625,23556.30078125,23674.849609375,501000.0,-0.0095403969303329,-0.0095861980571985,0.0098424601709775,24.17335919567381,-450.72346767122144,-284.7765837391767,-165.94688393204473,377.68178013392856,0.2297496318114875,417220.0
2026-03-13,23151.099609375,23151.099609375,23492.400390625,23112.0,23462.5,519800.0,-0.0206458681122294,-0.0208619736799509,0.0104763338215026,18.85543601037349,-526.0430136658215,-333.0298697245057,-193.01314394131575,395.0638950892857,0.0375249500998005,422240.0
2026-03-16,23408.80078125,23408.80078125,23502.0,22955.25,23116.099609375,540300.0,0.0111312713531173,0.0110697746886969,0.010929312800161,21.20687315550704,-558.5019033562821,-378.124276450861,-180.3776269054211,419.81752232142856,0.0394382454790303,426580.0
2026-03-17,23581.150390625,23581.150390625,23656.80078125,23346.599609375,23493.19921875,458800.0,0.0073625988356076,0.007335627211391,0.0108743890447638,26.275968016472348,-563.8192765441818,-415.2632764695252,-148.5560000746566,414.4461495535714,-0.1508421247455117,435730.0
2026-03-18,23777.80078125,23777.80078125,23862.25,23618.44921875,23632.900390625,382900.0,0.0083393043752089,0.0083047244915839,0.0111626551336884,28.81888426182087,-545.8728081196678,-441.3851827995537,-104.48762532011403,418.2426060267857,-0.1654315605928509,437670.0
2026-03-19,23002.150390625,23002.150390625,23378.69921875,22930.349609375,23197.75,550100.0,-0.0326207792621695,-0.0331646983176048,0.0127150826092381,23.939028984046303,-587.4666568042303,-470.6014776004891,-116.8651792037412,466.4891183035714,0.4366675372159834,449665.0
2026-03-20,23114.5,23114.5,23345.150390625,23067.599609375,23110.150390625,663300.0,0.0048843089653387,0.0048724194273719,0.0127607530917925,27.466347012861632,-604.3972912729987,-497.3606403349911,-107.03665093800764,465.6141183035714,0.2057807671332485,467920.0
2026-03-23,22512.650390625,22512.650390625,22851.69921875,22471.25,22824.349609375,550300.0,-0.0260377516007268,-0.0263827354344267,0.0134046159261267,25.836668400888428,-658.7851100089465,-529.6455342697822,-129.13957573916434,470.4783761160714,-0.1703603196140509,480605.0
2026-03-24,22912.400390625,22912.400390625,23057.30078125,22624.19921875,22878.44921875,538100.0,0.0177566831565274,0.0176008749787794,0.0142239514215094,33.945248026018206,-662.0002373945572,-556.1164748947372,-105.88376249982002,469.3606305803572,-0.0221697256042159,491825.0
2026-03-25,23306.44921875,23306.44921875,23465.349609375,23063.19921875,23064.400390625,505400.0,0.0171980596274072,0.0170518470014907,0.0150349680036778,35.38282595164142,-625.5409550411823,-570.0013709240262,-55.539584117156096,482.16420200892856,-0.0607693737223564,495140.0
2026-03-27,22819.599609375,22819.599609375,23186.099609375,22804.55078125,23173.55078125,612600.0,-0.0208890511293899,-0.0211103140979646,0.015395209914586,34.20835339609431,-628.6843242581526,-581.7379615908516,-46.94636266730106,493.0033482142857,0.2121092204194696,505060.0
2026-03-30,22331.400390625,22331.400390625,22714.099609375,22283.849609375,22549.650390625,698600.0,-0.0213938555937428,-0.0216260213748478,0.0157279018672847,33.77791854047672,-662.9272512172283,-597.9758195161269,-64.95143170110146,477.5106026785714,0.1403852432255958,519730.0
2026-04-01,22679.400390625,22679.400390625,22941.30078125,22618.599609375,22899.0,518000.0,0.0155834382937352,0.0154632634032261,0.0164027927769631,35.196208000070186,-654.4403449747078,-609.2687246078431,-45.17162036686477,501.3784877232143,-0.2585170340681363,523685.0
2026-04-02,22713.099609375,22713.099609375,22782.30078125,22182.55078125,22383.400390625,495100.0,0.0014858954897207,0.0014847926393626,0.0163699583111259,38.422784724786354,-637.6447930613467,-614.9439382985438,-22.70085476280292,511.0249720982143,-0.0442084942084941,522480.0
2026-04-06,22968.25,22968.25,22998.349609375,22542.94921875,22780.30078125,426400.0,0.0112336226676734,0.0111709941223868,0.0165062023782098,43.30478666403147,-596.8654002239637,-611.3282306836278,14.462830459664133,521.3715122767857,-0.1387598464956574,513850.0
2026-04-07,23123.650390625,23123.650390625,23153.849609375,22719.30078125,22838.69921875,477000.0,0.0067658785769486,0.0067430927402192,0.0163118178158749,49.70659168686189,-545.717236210643,-598.2060317890309,52.48879557838791,514.7571149553571,0.1186679174484053,512485.0
2026-04-08,23997.349609375,23997.349609375,24025.150390625,23828.5,23855.150390625,639300.0,0.0377837929561599,0.0370874710981664,0.0185335795361984,55.55901144761169,-429.72808471917233,-564.5104423750593,134.78235765588693,540.0964006696429,0.340251572327044,522780.0
2026-04-09,23775.099609375,23775.099609375,23990.75,23682.80078125,23909.05078125,466600.0,-0.0092614394346771,-0.0093045932156238,0.0182423113530043,51.81479851573305,-351.6855519584024,-521.9454642917278,170.25991233332547,540.4069475446429,-0.2701392147661504,519765.0
2026-04-10,24050.599609375,24050.599609375,24074.05078125,23856.349609375,23880.55078125,481300.0,0.0115877537645043,0.0115211299322757,0.0183013774058381,52.515482120415655,-264.55609692408325,-470.46759081819897,205.9114938941157,541.6820591517857,0.031504500642949,521615.0
2026-04-13,23842.650390625,23842.650390625,23907.400390625,23555.599609375,23589.599609375,488800.0,-0.0086463215939506,-0.0086839179025587,0.0180280748555302,58.65656798106215,-209.86593624849047,-418.34725990425727,208.4813236557668,516.5069754464286,0.0155827965925618,525685.0
2026-04-15,24231.30078125,24231.30078125,24280.900390625,24145.80078125,24163.80078125,460300.0,0.0163006370624727,0.0161692080062881,0.0182254221872717,60.88288473470445,-133.62243519925323,-361.4022949632565,227.77985976400328,523.310546875,-0.0583060556464811,523650.0
2026-04-16,24196.75,24196.75,24400.94921875,24102.80078125,24385.19921875,508000.0,-0.0014258739785333,-0.0014268915041919,0.0174940687383938,68.45104431071812,-75.12092336353089,-304.1460206433114,229.02509727978048,498.6604352678572,0.1036280686508799,523060.0
2026-04-17,24353.55078125,24353.55078125,24371.900390625,24096.05078125,24165.900390625,498600.0,0.0064802414063871,0.0064593349128548,0.0174019617881177,66.6770935841459,-15.922002214589156,-246.50121695756687,230.57921474297777,479.4603794642857,-0.018503937007874,520975.0
2026-04-20,24364.849609375,24364.849609375,24480.650390625,24241.25,24391.5,415900.0,0.0004639499277327,0.0004638423362418,0.0173609898691376,63.43830517469269,31.541697250700963,-190.89263411591335,222.43433136661437,457.0640345982143,-0.1658644203770557,518830.0
2026-04-21,24576.599609375,24576.599609375,24601.69921875,24354.900390625,24374.55078125,425800.0,0.0086907985641135,0.0086532509632023,0.0173681564416169,73.98373897037652,85.26064472634243,-135.66197834746222,220.92262307380463,438.8426339285714,0.0238037989901418,520975.0
2026-04-22,24378.099609375,24378.099609375,24515.94921875,24352.900390625,24470.849609375,440500.0,-0.0080767886182383,-0.0081095825746975,0.0155837164233657,80.33765701375387,110.54175007362574,-86.42123266324464,196.9629827368704,416.5532924107143,0.0345232503522781,515495.0
2026-04-23,24173.05078125,24173.05078125,24310.19921875,24134.80078125,24202.349609375,467500.0,-0.008411190019346,-0.0084467636965404,0.0157825048542432,73.11974760065229,112.73197737479131,-46.590590655637456,159.32256803042878,390.3674665178572,0.061293984108967,505705.0
2026-04-24,23897.94921875,23897.94921875,24206.0,23813.650390625,24100.55078125,438400.0,-0.0113805065396787,-0.0114457600553277,0.0146974865344998,67.06464470867546,91.21784873752767,-19.02890277700443,110.24675151453212,375.5531529017857,-0.0622459893048128,500110.0
2026-04-27,24092.69921875,24092.69921875,24130.69921875,23936.19921875,23945.44921875,430300.0,0.0081492348241831,0.0081162091116115,0.0143457661769728,66.48148360205204,88.85814283953005,2.548506346302465,86.30963649322759,359.64955357142856,-0.0184762773722627,494720.0
2026-04-28,23995.69921875,23995.69921875,24181.80078125,23957.05078125,24049.900390625,554100.0,-0.0040261159249649,-0.0040342425495079,0.0139906052022107,63.004592059343175,78.25885026600736,17.690575130243445,60.56827513576391,344.66392299107144,0.2877062514524751,497155.0
2026-04-29,24177.650390625,24177.650390625,24334.69921875,24059.94921875,24096.900390625,531100.0,0.007582657634449,0.0075540537904852,0.0130006346606279,53.38770950704742,83.5773458606418,30.86792927632312,52.70941658431868,304.4853515625,-0.0415087529326836,493080.0
2026-04-30,23997.55078125,23997.55078125,24087.44921875,23796.849609375,23996.94921875,505500.0,-0.0074490120613553,-0.007476894502422,0.011957004751525,54.24695149462713,72.42488957169917,39.17932133539833,33.24556823630084,309.21763392857144,-0.0482018452268876,483425.0
2026-05-04,24119.30078125,24119.30078125,24290.19921875,24004.75,24063.55078125,419100.0,0.0050734344146123,0.0050606079108907,0.0116324820027561,51.39341917931076,72.57410598838032,45.85827826599473,26.7158277223856,308.76743861607144,-0.1709198813056379,478480.0
2026-05-05,24032.80078125,24032.80078125,24081.69921875,23882.05078125,24052.599609375,363300.0,-0.0035863394542201,-0.0035927857866665,0.0117255019234235,54.0565382862181,64.96367319816272,49.679357252428325,15.2843159457344,290.3567243303572,-0.133142448103078,471890.0
2026-05-06,24330.94921875,24330.94921875,24356.5,23997.900390625,24171.0,429200.0,0.0124058964335362,0.0123295738851627,0.0117722295226061,52.21121574392544,82.04467758533428,56.15242131900952,25.892256266324765,284.6674107142857,0.1813927883292045,472030.0
2026-05-07,24326.650390625,24326.650390625,24482.099609375,24284.0,24398.5,440600.0,-0.000176681480297,-0.0001766970903084,0.0117561674389724,52.921738748435,94.14932233926812,63.751801523061246,30.397520816206864,277.5210658482143,0.026561043802423,470210.0
2026-05-08,24176.150390625,24176.150390625,24253.80078125,24126.650390625,24233.650390625,335900.0,-0.0061866306122441,-0.0062058471093194,0.0084881378501974,45.99854266579379,90.55439361555182,69.11231994155936,21.442073673992454,272.10323660714283,-0.2376305038583749,455040.0
2026-05-11,23815.849609375,23815.849609375,23997.44921875,23799.099609375,23970.099609375,390100.0,-0.0149031494025498,-0.0150153171640365,0.0089095852815184,39.30116211619944,57.96395245177701,66.8826464436029,-8.91869399182589,281.93540736607144,0.1613575468889549,451215.0
2026-05-12,23379.55078125,23379.55078125,23757.55078125,23348.400390625,23722.599609375,447500.0,-0.0183196835418901,-0.0184895669500817,0.0093814505456601,28.54941911946393,-3.034891757182777,52.899138803445766,-55.93403056062854,297.69614955357144,0.1471417585234555,449525.0
2026-05-13,23412.599609375,23412.599609375,23582.94921875,23262.55078125,23362.44921875,415400.0,0.0014135784059419,0.0014125802445292,0.0092395196305949,31.60810062683421,-48.15504960030376,32.68830112269586,-80.84335072299962,304.60323660714283,-0.0717318435754189,445855.0
2026-05-14,23689.599609375,23689.599609375,23777.19921875,23426.55078125,23530.25,428700.0,0.0118312363693726,0.0117617944780081,0.008848151270839,41.03640452367761,-60.85995902611103,13.978649092934486,-74.83860811904552,313.267578125,0.0320173326913817,444275.0
2026-05-15,23643.5,23643.5,23839.30078125,23610.30078125,23731.400390625,408900.0,-0.0019459851637491,-0.0019478810528585,0.0088499466581022,44.84450164069882,-73.79784882238164,-3.5766504901287384,-70.2211983322529,301.59974888392856,-0.0461861441567529,439320.0
2026-05-18,23649.94921875,23649.94921875,23695.650390625,23317.099609375,23482.19921875,392000.0,0.0002727692071817,0.0002727320124251,0.0086765777569526,40.28820745178549,-82.57890344826592,-19.377101081756173,-63.20180236650975,312.0140904017857,-0.0413303986304719,433990.0
2026-05-19,23618.0,23618.0,23782.30078125,23587.19921875,23675.30078125,442000.0,-0.0013509212410769,-0.0013518345578153,0.0086652222196303,41.47172706986426,-91.06623260303604,-33.71492738601215,-57.35130521702389,309.89634486607144,0.1275510204081633,435295.0
2026-05-20,23659.0,23659.0,23690.900390625,23397.30078125,23457.25,344100.0,0.0017359640951817,0.0017344590510618,0.008368369162576,37.4930176346525,-93.40740236700005,-45.653422382209726,-47.75397998479031,306.65345982142856,-0.2214932126696832,431210.0
2026-05-21,23654.69921875,23654.69921875,23859.900390625,23596.599609375,23830.05078125,348200.0,-0.0001817820385476,-0.000181798562905,0.0082453523576494,40.96639131159724,-94.52026262517757,-55.426790430803294,-39.09347219437427,298.26060267857144,0.0119151409473989,426595.0
2026-05-22,23719.30078125,23719.30078125,23835.650390625,23671.0,23671.19921875,336100.0,0.0027310244743588,0.0027273020029192,0.0081274428578659,39.13336460320863,-89.1616067006762,-62.17375368477788,-26.987853015898324,290.2822265625,-0.0347501435956346,420025.0
2026-05-25,24031.69921875,24031.69921875,24054.44921875,23922.849609375,23940.25,351200.0,0.0131706427765758,0.0130846639689702,0.0083155492085525,49.97334578456967,-59.02646978887424,-61.54429690559716,2.51782711672292,297.2749720982143,0.0449271050282653,415665.0
2026-05-26,23913.69921875,23913.69921875,24089.80078125,23885.44921875,24004.099609375,387900.0,-0.0049101812953756,-0.0049222758427416,0.0081793723357429,38.939672257439234,-44.15675887747784,-58.0667892999733,13.91003042249546,286.2572544642857,0.1044988610478359,413545.0
2026-05-27,23907.150390625,23907.150390625,23983.19921875,23858.25,23880.349609375,531600.0,-0.0002738525756761,-0.00027389008014,0.0081332996118628,38.89327858849324,-32.525903183337505,-52.95861207664615,20.432708893308643,281.0322265625,0.3704563031709202,412420.0
2026-05-29,23547.75,23547.75,24002.80078125,23484.75,23902.150390625,1198000.0,-0.0150331756295779,-0.0151473192194715,0.008562003749232,35.01951358967172,-51.71286047358808,-52.709461756034536,0.9966012824464556,303.75013950892856,1.253574115876599,445765.0
2026-06-01,23382.599609375,23382.599609375,23733.69921875,23357.94921875,23654.5,421700.0,-0.0070134255130532,-0.0070381351824947,0.0085460358188224,38.61214641408697,-79.33044665713169,-58.03365873625397,-21.29678792087772,303.6572265625,-0.6479966611018364,441575.0
2026-06-02,23483.55078125,23483.55078125,23556.94921875,23229.150390625,23229.150390625,511900.0,0.0043173630631951,0.0043080699893999,0.0085181609945372,53.31865797779251,-92.01102101994184,-64.82913119299155,-27.18188982695028,293.6821986607143,0.2138961346929095,446215.0
2026-06-03,23405.599609375,23405.599609375,23459.650390625,23151.5,23415.94921875,450100.0,-0.0033193946094914,-0.0033249160216612,0.0085145986101137,49.78285157565902,-107.1157124108031,-73.28644743655386,-33.82926497424924,294.51450892857144,-0.1207267044344598,450555.0
2026-06-04,23416.55078125,23416.55078125,23465.30078125,23247.30078125,23282.44921875,412500.0,0.0004678868329701,0.0004677774080569,0.0079004734148905,39.85515765030296,-116.85558269668036,-82.00027448857915,-34.855308208101206,284.04310825892856,-0.0835369917796045,449720.0
2026-06-05,23366.69921875,23366.69921875,23516.349609375,23282.650390625,23478.94921875,366200.0,-0.0021289028843615,-0.0021311722194751,0.0078903261874441,39.7443504991707,-127.13161046827372,-91.02654168451808,-36.105068783755655,284.37876674107144,-0.1122424242424242,446000.0
2026-06-08,23123.0,23123.0,23267.30078125,23070.150390625,23080.69921875,375700.0,-0.0104293386271027,-0.0104841052987778,0.0080644507736087,33.39537036353207,-153.174229614473,-103.45607927050904,-49.71815034396396,278.521484375,0.0259421081376296,447990.0
2026-06-09,23242.099609375,23242.099609375,23279.400390625,23104.44921875,23259.05078125,402600.0,0.0051506988442242,0.0051374793685272,0.007636356383652,38.77174784344703,-162.33159224765404,-115.23118186593804,-47.10041038171599,277.08217075892856,0.0715996805962204,448615.0
2026-06-10,23214.94921875,23214.94921875,23425.349609375,23184.599609375,23233.94921875,380000.0,-0.0011681556778996,-0.0011688385035597,0.0064882771211164,36.62541708433928,-169.82207456285323,-126.14936040532108,-43.67271415753214,273.3071986607143,-0.0561351217088922,445240.0
2026-06-11,23161.599609375,23161.599609375,23327.44921875,23072.05078125,23104.400390625,363000.0,-0.0022980713363744,-0.002300715954766,0.0064887665907033,35.5743199616941,-178.01120106122107,-136.5217285365011,-41.48947252471999,272.7427455357143,-0.0447368421052631,442620.0
2026-06-12,23622.900390625,23622.900390625,23645.349609375,23313.900390625,23412.55078125,351900.0,0.0199166201397973,0.0197208789938952,0.0074755452160584,47.711077370843775,-145.59964296380713,-138.33731142196228,-7.262331541844844,294.37123325892856,-0.0305785123966941,438780.0
2026-06-15,23853.900390625,23853.900390625,24011.400390625,23817.80078125,23984.849609375,398900.0,0.0097786468291451,0.0097311452784631,0.0077779670946699,45.60861364502482,-100.11936647194308,-130.69372243195843,30.574355960015367,298.1820591517857,0.1335606706450696,438280.0
2026-06-16,23989.150390625,23989.150390625,24002.599609375,23888.19921875,23923.900390625,327300.0,0.0056699322871809,0.0056539187231453,0.0078638547648232,51.84779499620693,-52.55653598433128,-115.066285142433,62.50974915810173,294.20689174107144,-0.1794936074204061,435045.0
2026-06-17,24085.69921875,24085.69921875,24108.19921875,23969.69921875,24044.5,352700.0,0.004024687267071,0.0040166098786604,0.007880420136063,54.18803434465785,-6.991374401623034,-93.45130299427102,86.45992859264798,295.1748046875,0.0776046440574396,430580.0
2026-06-18,24168.0,24168.0,24189.25,24036.94921875,24073.80078125,340000.0,0.0034169978003351,0.0034111731281746,0.0078975130051445,66.72234321750082,35.35280453812084,-67.69048148779265,103.04328602591347,269.0498046875,-0.0360079387581514,430375.0
2026-06-19,24013.099609375,24013.099609375,24047.19921875,23901.900390625,23991.19921875,447900.0,-0.0064093177186775,-0.0064299455830831,0.008071332270257,67.09316265021963,55.76883602750968,-42.99861798473219,98.76745401224188,261.21763392857144,0.3173529411764706,435360.0
2026-06-22,24102.900390625,24102.900390625,24168.05078125,24073.150390625,24106.599609375,252800.0,0.003739658049598,0.0037326829127766,0.0080872797426133,66.89300269024852,78.29235508868805,-18.74042337004814,97.0327784587362,248.87137276785717,-0.4355883009600357,431195.0
2026-06-23,23824.099609375,23824.099609375,24135.5,23784.94921875,24071.30078125,340100.0,-0.0115671050675063,-0.0116345244294811,0.0079922600642004,60.28759086238849,72.80624809857181,-0.4310890763241506,73.23733717489597,250.1928013392857,0.3453322784810126,430640.0
2026-06-24,24021.650390625,24021.650390625,24090.05078125,23789.25,23795.80078125,395600.0,0.0082920565515207,0.008257866325424,0.0081442058770568,63.62466566222408,83.43735197413844,16.342599133768367,67.09475284037006,256.10714285714283,0.1631872978535724,431025.0
2026-06-25,24056.0,24056.0,24261.599609375,24039.0,24125.849609375,448800.0,0.00142994377224,0.0014289223762208,0.0081472746476876,65.62968329831747,93.55585117751252,31.7852495425172,61.77060163499532,256.55357142857144,0.134479271991911,426885.0
2026-06-29,23946.25,23946.25,24120.0,23924.55078125,24061.75,588500.0,-0.0045622713668107,-0.0045727102890541,0.0074103766796262,69.87420197467065,91.66230096730578,43.76065982747492,47.90164113983087,249.33217075892856,0.3112745098039216,396410.0
2026-06-30,23865.75,23865.75,24035.55078125,23829.19921875,24032.05078125,449000.0,-0.0033616954637991,-0.0033673586575118,0.0072492666430626,65.34155498348656,82.71251318475697,51.551030498931325,31.161482685825646,251.57505580357144,-0.2370433305012744,397775.0
2026-07-01,24005.849609375,24005.849609375,24049.900390625,23895.099609375,23897.650390625,352100.0,0.0058703208311072,0.0058531576340034,0.0072943052509369,68.43159334982253,85.93401566213288,58.42762753157164,27.50638813056124,247.5322265625,-0.2158129175946548,389785.0
2026-07-02,24175.69921875,24175.69921875,24194.55078125,24058.80078125,24062.19921875,372900.0,0.0070753425577017,0.0070504297635567,0.0073311468927095,72.41597554710334,101.02793640609524,66.94768930647636,34.08024709961889,242.76813616071428,0.0590741266685601,385925.0
2026-07-03,24270.849609375,24270.849609375,24378.150390625,24252.349609375,24375.650390625,326600.0,0.0039357865004874,0.0039280615553213,0.007342832596144,67.08860629087357,119.29268682336988,77.41668880985507,41.8759980135148,222.67536272321428,-0.1241619737194958,381630.0
2026-07-06,24430.349609375,24430.349609375,24458.650390625,24287.099609375,24306.849609375,329400.0,0.0065716694127753,0.0065501701327115,0.0073543656096612,65.79874270395732,144.96686237168615,90.9267235222213,54.04013884946485,208.33970424107144,0.0085731781996325,379790.0
2026-07-07,24398.69921875,24398.69921875,24530.900390625,24348.94921875,24464.44921875,412600.0,-0.0012955357222089,-0.0012963756541323,0.006787028135374,61.900286597996654,160.905095673108,104.92239795239864,55.98269772070938,210.71484375,0.2525804493017607,381635.0
2026-07-08,23882.05078125,23882.05078125,24300.0,23805.19921875,24259.55078125,420500.0,-0.0211752451582731,-0.0214026567222692,0.0085996734979381,45.24375157373854,130.34451882182475,110.00682212628384,20.3376966955409,243.21484375,0.0191468734852156,382530.0
2026-07-09,23962.80078125,23962.80078125,24134.69921875,23925.69921875,23928.94921875,384800.0,0.0033812004144717,0.0033754970089724,0.008588489398489,45.20405871515408,111.35723474948828,110.27690465092472,1.080330098563536,250.3825334821429,-0.0848989298454221,382770.0
2026-07-10,24206.900390625,24206.900390625,24228.44921875,24120.349609375,24124.69921875,313100.0,0.010186605964942,0.010135072168571,0.0087409531426499,54.34823381759031,114.68446267999752,111.1584162567393,3.5260464232582223,250.3503069196429,-0.1863305613305613,380275.0
2026-07-13,24211.0,24211.0,24259.80078125,24000.19921875,24039.400390625,322700.0,0.0001693570555851,0.0001693427162979,0.0076922432687494,52.52239286199325,116.31135411210562,112.18900382781256,4.122350284293049,257.82533482142856,0.0306611306291919,378815.0
2026-07-14,24052.05078125,24052.05078125,24157.099609375,24023.69921875,24068.0,355800.0,-0.0065651653690471,-0.006586810856692,0.0076071436053555,55.63413529725831,103.58078887672308,110.46736083759468,-6.886571960871578,246.16462053571428,0.1025720483421133,376660.0
2026-07-15,24078.5,24078.5,24220.349609375,24010.55078125,24085.849609375,306900.0,0.0010996658451518,0.0010990616555635,0.0075098359530813,51.534944549620576,94.53620064243296,107.28112879856234,-12.744928156129376,239.6644810267857,-0.1374367622259696,375640.0
2026-07-16,24072.75,24072.75,24186.5,24050.0,24142.099609375,264300.0,-0.0002388022509708,-0.0002388307687685,0.0074562587111018,50.4593455611236,85.91395971080783,103.00769498101144,-17.09373527020361,232.27525111607144,-0.1388074291300097,371220.0
2026-07-17,24334.30078125,24334.30078125,24367.30078125,24099.05078125,24127.599609375,387800.0,0.010865014643113,0.0108064144507111,0.0078133622822241,59.82383725069817,99.04401606397003,102.21495919760318,-3.17094313363313,239.3539341517857,0.4672720393492244,373610.0
2026-07-20,24238.5,24238.5,24266.099609375,24135.849609375,24190.05078125,353100.0,-0.0039368618852535,-0.0039446317252342,0.0077194149457212,59.363941993488105,100.56016295246808,101.88399994857616,-1.3238369961080707,238.78962053571428,-0.0894791129448169,368870.0
2026-07-21,24187.69921875,24187.69921875,24262.19921875,24135.650390625,24216.05078125,315600.0,-0.0020958714957608,-0.0020980709080852,0.0077006091635443,54.782875817933565,96.5495585864519,100.81711167615131,-4.267553089699419,234.6752232142857,-0.1062022090059473,372010.0
2026-07-22,23996.25,23996.25,24166.30078125,23961.400390625,24150.44921875,304700.0,-0.0079151479856997,-0.0079466390505471,0.0074458877348013,45.33328050906343,77.03476496821895,96.06064233456485,-19.02587736634589,237.3607700892857,-0.0345373891001267,370240.0
2026-07-23,23869.599609375,23869.599609375,23990.75,23807.19921875,23904.80078125,344000.0,-0.0052779242850445,-0.0052919017303817,0.0073045220166363,39.73337970903246,50.76434262523253,87.00138239269839,-36.23703976746586,236.40359933035717,0.1289793239251722,367660.0
2026-07-24,23767.44921875,23767.44921875,23823.599609375,23606.30078125,23666.349609375,333900.0,-0.0042795183956449,-0.004288701744065,0.0073451392126864,32.52581188906886,21.454842761067997,73.8920744663723,-52.43723170530431,241.7963169642857,-0.0293604651162791,361915.0
2026-07-27,23995.94921875,23995.94921875,24011.599609375,23891.55078125,23928.400390625,319400.0,0.0096139891957669,0.0095680688852885,0.007619257984167,40.38162298917485,16.47497998702238,62.408655570502326,-45.933675583479946,246.23911830357144,-0.0434261755016471,348460.0
2026-07-28,23985.349609375,23985.349609375,24041.150390625,23954.599609375,23971.25,437800.0,-0.0004417249460887,-0.0004418225352921,0.0075766588782851,53.2533022657289,11.54007615422961,52.23493968724779,-40.69486353301818,210.02845982142856,0.3706950532247965,347900.0
2026-07-29,24250.19921875,24250.19921875,24283.55078125,24136.75,24176.650390625,424200.0,0.0110421408771743,0.0109816215407408,0.0078605322206871,58.110813462534864,28.669791834756325,47.521910116749496,-18.85211828199317,213.2822265625,-0.0310644129739606,351505.0
2026-07-30,24317.150390625,24317.150390625,24342.94921875,24187.099609375,24249.55078125,400600.0,0.0027608503860552,0.0027570462388071,0.0077297346002922,53.457086512904056,47.10462219745386,47.43845253289037,-0.3338303354365095,205.439453125,-0.0556341348420555,352890.0
2026-07-31,24383.599609375,24383.599609375,24429.400390625,24299.69921875,24361.44921875,411700.0,0.0027326071386892,0.0027288803554812,0.0077047560887288,55.20850892279328,66.3118529266576,51.213132611643815,15.09872031501378,196.1608537946429,0.0277084373439839,357145.0
